id,Gender,Age,Height,Weight
0,Female,21.0,1.62,64.0
1,Female,21.0,1.52,56.0
2,Male,23.0,1.8,77.0
3,Male,27.0,1.8,87.0
4,Male,22.0,1.78,89.8
5,Male,29.0,1.62,53.0
6,Female,23.0,1.5,55.0
7,Male,22.0,1.64,53.0
8,Male,24.0,1.78,64.0
9,Male,22.0,1.72,68.0
10,Male,26.0,1.85,105.0
11,Female,21.0,1.72,80.0
12,Male,22.0,1.65,56.0
13,Male,41.0,1.8,99.0
14,Male,23.0,1.77,60.0
15,Female,22.0,1.7,66.0
16,Male,27.0,1.93,102.0
17,Female,29.0,1.53,78.0
18,Female,30.0,1.71,82.0
19,Female,23.0,1.65,70.0
20,Male,22.0,1.65,80.0
21,Female,52.0,1.69,87.0
22,Female,22.0,1.65,60.0
23,Female,22.0,1.6,82.0
24,Male,21.0,1.85,68.0
25,Male,20.0,1.6,50.0
26,Male,21.0,1.7,65.0
27,Female,23.0,1.6,52.0
28,Male,19.0,1.75,76.0
29,Male,23.0,1.68,70.0
30,Male,29.0,1.77,83.0
31,Female,31.0,1.58,68.0
32,Female,24.0,1.77,76.0
33,Male,39.0,1.79,90.0
34,Male,22.0,1.65,62.0
35,Female,21.0,1.5,65.0
36,Female,22.0,1.56,49.0
37,Female,21.0,1.6,48.0
38,Male,23.0,1.65,67.0
39,Female,21.0,1.75,88.0
40,Female,21.0,1.67,75.0
41,Male,23.0,1.68,60.0
42,Female,21.0,1.66,64.0
43,Male,21.0,1.66,62.0
44,Male,21.0,1.81,80.0
45,Female,21.0,1.53,65.0
46,Male,21.0,1.82,72.0
47,Male,21.0,1.75,72.0
48,Female,20.0,1.66,60.0
49,Female,21.0,1.55,50.0
50,Female,21.0,1.61,54.5
51,Female,20.0,1.5,44.0
52,Female,23.0,1.64,52.0
53,Female,23.0,1.63,55.0
54,Female,22.0,1.6,55.0
55,Male,23.0,1.68,62.0
56,Male,22.0,1.7,70.0
57,Male,21.0,1.64,65.0
58,Female,17.0,1.65,67.0
59,Male,20.0,1.76,55.0
60,Female,21.0,1.55,49.0
61,Male,20.0,1.65,58.0
62,Male,22.0,1.67,62.0
63,Male,22.0,1.68,55.0
64,Female,21.0,1.66,57.0
65,Female,21.0,1.62,69.0
66,Male,23.0,1.8,90.0
67,Male,23.0,1.65,95.0
68,Male,30.0,1.76,112.0
69,Male,23.0,1.8,60.0
70,Female,23.0,1.65,80.0
71,Female,22.0,1.67,50.0
72,Female,24.0,1.65,60.0
73,Male,19.0,1.85,65.0
74,Male,24.0,1.7,85.0
75,Female,23.0,1.63,45.0
76,Female,24.0,1.6,45.0
77,Female,24.0,1.7,80.0
78,Female,23.0,1.65,90.0
79,Male,23.0,1.65,60.0
80,Female,19.0,1.63,58.0
81,Male,30.0,1.8,91.0
82,Male,23.0,1.67,85.5
83,Female,19.0,1.6,45.0
84,Male,25.0,1.7,83.0
85,Male,23.0,1.65,58.5
86,Male,21.0,1.85,83.0
87,Male,19.0,1.82,87.0
88,Female,22.0,1.65,65.0
89,Female,29.0,1.7,78.0
90,Female,25.0,1.63,93.0
91,Female,20.0,1.61,64.0
92,Male,55.0,1.78,84.0
93,Female,20.0,1.6,57.0
94,Female,24.0,1.6,48.0
95,Male,26.0,1.7,70.0
96,Female,23.0,1.66,60.0
97,Female,21.0,1.52,42.0
98,Female,21.0,1.52,42.0
99,Male,23.0,1.72,70.0
100,Female,21.0,1.69,63.0
101,Male,22.0,1.7,66.4
102,Female,21.0,1.55,57.0
103,Female,22.0,1.65,58.0
104,Female,38.0,1.56,80.0
105,Female,25.0,1.57,55.0
106,Female,25.0,1.57,55.0
107,Male,22.0,1.88,90.0
108,Male,22.0,1.75,95.0
109,Female,21.0,1.65,88.0
110,Male,21.0,1.75,75.0
111,Female,22.0,1.58,58.0
112,Female,18.0,1.56,51.0
113,Female,22.0,1.5,49.0
114,Female,19.0,1.61,62.0
115,Female,17.0,1.75,57.0
116,Female,15.0,1.65,86.0
117,Female,17.0,1.7,85.0
118,Male,23.0,1.62,53.0
119,Female,19.0,1.63,76.0
120,Female,23.0,1.67,75.0
121,Male,23.0,1.87,95.0
122,Male,21.0,1.75,50.0
123,Male,24.0,1.66,67.0
124,Male,23.0,1.76,90.0
125,Male,18.0,1.75,80.0
126,Male,19.0,1.67,68.0
127,Female,19.0,1.65,61.0
128,Male,20.0,1.72,70.0
129,Male,27.0,1.7,78.0
130,Female,20.0,1.58,53.0
131,Male,23.0,1.62,58.0
132,Female,19.0,1.65,56.0
133,Female,61.0,1.65,66.0
134,Male,30.0,1.77,109.0
135,Male,24.0,1.7,75.0
136,Male,25.0,1.79,72.0
137,Male,44.0,1.6,80.0
138,Male,31.0,1.76,75.0
139,Male,25.0,1.7,68.0
140,Male,23.0,1.89,65.0
141,Male,25.0,1.87,66.0
142,Male,23.0,1.74,93.5
143,Female,34.0,1.68,75.0
144,Male,22.0,1.61,67.0
145,Male,21.0,1.62,70.0
146,Female,24.0,1.56,51.0
147,Female,36.0,1.63,80.0
148,Female,27.0,1.6,61.0
149,Female,32.0,1.67,90.0
150,Male,25.0,1.78,78.0
151,Female,30.0,1.62,59.0
152,Female,38.0,1.5,60.0
153,Male,34.0,1.69,84.0
154,Male,22.0,1.74,94.0
155,Female,31.0,1.68,63.0
156,Female,35.0,1.53,45.0
157,Male,21.0,1.67,60.0
158,Female,40.0,1.55,62.0
159,Male,27.0,1.64,78.0
160,Male,20.0,1.83,72.0
161,Male,55.0,1.65,80.0
162,Female,21.0,1.63,60.0
163,Male,25.0,1.89,75.0
164,Male,35.0,1.77,85.0
165,Male,30.0,1.92,130.0
166,Female,29.0,1.74,72.0
167,Male,20.0,1.65,80.0
168,Female,22.0,1.73,79.0
169,Female,45.0,1.63,77.0
170,Male,22.0,1.72,82.0
171,Male,18.0,1.6,58.0
172,Female,23.0,1.65,59.0
173,Male,18.0,1.74,64.0
174,Male,21.0,1.62,70.0
175,Female,38.0,1.64,59.8
176,Female,18.0,1.57,48.0
177,Male,22.0,1.84,84.0
178,Male,26.0,1.91,84.0
179,Male,21.0,1.62,70.0
180,Female,18.0,1.58,48.0
181,Female,23.0,1.68,67.0
182,Female,22.0,1.68,52.0
183,Female,23.0,1.48,60.0
184,Male,21.0,1.62,70.0
185,Female,31.0,1.62,68.0
186,Male,39.0,1.78,96.0
187,Male,25.0,1.78,98.0
188,Male,35.0,1.78,105.0
189,Female,33.0,1.63,62.0
190,Male,20.0,1.6,56.0
191,Male,26.0,1.75,80.0
192,Male,20.0,1.83,85.0
193,Male,20.0,1.78,68.0
194,Female,23.0,1.6,83.0
195,Male,19.0,1.8,85.0
196,Male,22.0,1.75,74.0
197,Male,41.0,1.75,118.0
198,Female,18.0,1.59,40.0
199,Female,23.0,1.66,60.0
200,Female,23.0,1.63,83.0
201,Female,41.0,1.54,80.0
202,Female,26.0,1.56,102.0
203,Male,29.0,1.69,90.0
204,Male,27.0,1.83,71.0
205,Female,23.0,1.6,78.0
206,Male,19.0,1.75,100.0
207,Male,30.0,1.75,73.0
208,Female,22.0,1.69,65.0
209,Female,22.0,1.69,65.0
210,Male,20.0,1.8,114.0
211,Female,21.0,1.63,51.0
212,Female,24.0,1.5,63.0
213,Male,21.0,1.8,62.0
214,Male,21.0,1.65,53.0
215,Male,21.0,1.68,70.0
216,Female,23.0,1.6,63.0
217,Male,21.0,1.71,75.0
218,Female,21.0,1.5,42.3
219,Female,21.0,1.6,68.0
220,Female,21.0,1.75,78.0
221,Male,23.0,1.72,82.0
222,Female,21.0,1.72,66.5
223,Female,22.0,1.61,63.0
224,Female,23.0,1.63,82.0
225,Male,25.0,1.83,121.0
226,Female,20.0,1.6,50.0
227,Female,24.0,1.62,58.0
228,Female,40.0,1.68,80.0
229,Male,32.0,1.75,120.0
230,Male,20.0,1.9,91.0
231,Female,21.0,1.63,66.0
232,Female,51.0,1.59,50.0
233,Female,34.0,1.68,77.0
234,Female,19.0,1.59,49.0
235,Female,19.0,1.69,70.0
236,Female,21.0,1.66,59.0
237,Female,19.0,1.64,53.0
238,Female,20.0,1.62,53.0
239,Female,19.0,1.7,64.0
240,Female,17.0,1.63,65.0
241,Male,22.0,1.6,66.0
242,Female,20.0,1.63,64.0
243,Male,33.0,1.85,99.0
244,Female,21.0,1.54,49.0
245,Female,20.0,1.64,49.0
246,Female,20.0,1.57,60.0
247,Female,20.0,1.62,52.0
248,Male,21.0,1.72,72.0
249,Male,21.0,1.76,78.0
250,Female,20.0,1.65,75.0
251,Male,20.0,1.67,78.0
252,Male,56.0,1.79,90.0
253,Female,26.0,1.59,47.0
254,Female,22.0,1.64,56.0
255,Male,19.0,1.78,81.0
256,Male,18.0,1.75,85.0
257,Male,19.0,1.85,115.0
258,Male,18.0,1.7,80.0
259,Female,18.0,1.67,91.0
260,Male,21.0,1.72,75.0
261,Female,28.0,1.7,73.0
262,Male,18.0,1.74,70.0
263,Male,23.0,1.74,53.0
264,Male,18.0,1.87,67.0
265,Male,18.0,1.7,50.0
266,Female,39.0,1.65,50.0
267,Male,38.0,1.7,78.0
268,Male,17.0,1.67,60.0
269,Male,23.0,1.72,66.0
270,Male,23.0,1.82,107.0
271,Female,19.0,1.5,50.0
272,Male,18.0,1.7,60.0
273,Male,25.0,1.71,71.0
274,Female,25.0,1.61,61.0
275,Female,18.0,1.5,50.0
276,Male,16.0,1.67,50.0
277,Male,21.0,1.82,67.0
278,Female,32.0,1.57,57.0
279,Male,18.0,1.79,52.0
280,Male,21.0,1.75,62.0
281,Male,18.0,1.7,55.0
282,Female,18.0,1.62,55.0
283,Male,17.0,1.69,60.0
284,Male,20.0,1.77,70.0
285,Male,21.0,1.79,105.0
286,Female,21.0,1.6,61.0
287,Female,18.0,1.6,58.0
288,Female,17.0,1.56,51.0
289,Male,19.0,1.88,79.0
290,Male,16.0,1.82,71.0
291,Male,17.0,1.8,58.0
292,Male,21.0,1.7,65.0
293,Male,19.0,1.82,75.0
294,Male,18.0,1.86,110.0
295,Female,16.0,1.66,58.0
296,Female,21.0,1.53,53.0
297,Male,26.0,1.74,80.0
298,Male,18.0,1.8,80.0
299,Male,23.0,1.7,75.0
300,Male,26.0,1.7,70.0
301,Male,18.0,1.72,55.0
302,Male,16.0,1.84,45.0
303,Female,16.0,1.57,49.0
304,Male,20.0,1.8,85.0
305,Male,23.0,1.75,120.0
306,Female,24.0,1.56,60.0
307,Female,23.0,1.59,48.0
308,Male,20.0,1.8,75.0
309,Female,16.0,1.66,58.0
310,Male,17.0,1.79,57.0
311,Male,17.0,1.72,62.0
312,Female,16.0,1.6,57.0
313,Male,17.0,1.66,56.0
314,Female,26.0,1.65,63.0
315,Male,26.0,1.7,72.0
316,Male,38.0,1.75,75.0
317,Male,18.0,1.75,70.0
318,Female,25.0,1.56,45.0
319,Female,27.0,1.55,63.0
320,Male,21.0,1.67,67.0
321,Male,38.0,1.75,75.0
322,Female,23.0,1.75,56.0
323,Male,18.0,1.8,72.0
324,Female,30.0,1.65,71.0
325,Female,21.0,1.55,58.0
326,Male,18.0,1.7,55.3
327,Male,23.0,1.72,76.0
328,Male,19.0,1.74,74.0
329,Female,19.0,1.65,82.0
330,Female,17.0,1.8,50.0
331,Male,17.0,1.74,56.0
332,Male,27.0,1.85,75.0
333,Female,23.0,1.7,56.0
334,Female,18.0,1.45,53.0
335,Male,19.0,1.7,50.0
336,Male,20.0,1.7,65.0
337,Male,18.0,1.78,64.4
338,Female,17.0,1.6,65.0
339,Female,19.0,1.53,42.0
340,Male,21.0,1.8,72.0
341,Male,20.0,1.6,50.0
342,Male,23.0,1.74,105.0
343,Male,23.0,1.65,66.0
344,Male,18.0,1.87,173.0
345,Male,17.0,1.7,55.0
346,Female,21.0,1.54,47.0
347,Male,17.0,1.8,97.0
348,Male,18.0,1.82,80.0
349,Male,20.0,1.98,125.0
350,Male,17.0,1.75,70.0
351,Female,26.0,1.65,60.0
352,Female,17.0,1.6,53.0
353,Female,24.0,1.6,51.0
354,Female,17.0,1.6,59.0
355,Female,27.0,1.55,62.0
356,Male,17.0,1.9,60.0
357,Female,17.0,1.7,56.0
358,Male,41.0,1.75,110.0
359,Female,33.0,1.56,48.0
360,Male,20.0,1.87,75.0
361,Female,40.0,1.56,80.0
362,Female,37.0,1.65,73.0
363,Male,19.0,1.8,80.0
364,Male,24.0,1.84,86.0
365,Male,24.0,1.7,68.0
366,Male,33.0,1.72,83.0
367,Female,40.0,1.58,63.0
368,Female,37.0,1.68,83.0
369,Male,20.0,1.58,74.0
370,Male,19.0,1.8,60.0
371,Male,17.0,1.62,69.0
372,Female,18.0,1.62,58.0
373,Female,21.0,1.54,56.0
374,Male,18.0,1.76,70.0
375,Male,41.0,1.8,92.0
376,Female,36.0,1.58,60.0
377,Male,18.0,1.76,68.0
378,Male,18.0,1.73,70.0
379,Male,17.0,1.7,70.0
380,Male,25.0,1.7,83.0
381,Male,21.0,1.8,75.0
382,Female,29.0,1.6,56.0
383,Male,17.0,1.7,98.0
384,Female,18.0,1.6,60.0
385,Female,16.0,1.55,45.0
386,Female,18.0,1.59,53.0
387,Female,37.0,1.5,75.0
388,Male,18.0,1.78,108.0
389,Female,16.0,1.61,65.0
390,Male,23.0,1.71,50.0
391,Female,18.0,1.7,50.0
392,Male,18.0,1.76,69.5
393,Male,18.0,1.7,78.0
394,Female,17.0,1.53,55.0
395,Female,20.0,1.54,39.0
396,Female,38.0,1.55,59.0
397,Male,20.0,1.66,60.0
398,Male,21.0,1.85,125.0
399,Male,21.0,1.65,60.0
400,Male,18.0,1.65,70.0
401,Male,26.0,1.83,82.0
402,Male,27.0,1.83,99.0
403,Female,26.0,1.66,112.0
404,Male,34.0,1.78,73.0
405,Male,18.0,1.74,86.0
406,Male,33.0,1.76,66.5
407,Female,19.0,1.51,59.0
408,Male,20.0,1.81,79.0
409,Female,33.0,1.55,55.0
410,Male,20.0,1.83,66.0
411,Female,20.0,1.6,65.0
412,Male,33.0,1.85,85.0
413,Male,33.0,1.75,85.0
414,Male,33.0,1.83,113.0
415,Male,14.0,1.71,72.0
416,Male,34.0,1.84,88.0
417,Male,18.0,1.77,87.0
418,Male,18.0,1.7,90.0
419,Male,29.0,1.62,89.0
420,Male,18.0,1.85,60.0
421,Male,18.0,1.84,60.0
422,Male,19.0,1.75,58.0
423,Male,33.0,1.85,93.0
424,Male,33.0,1.74,76.0
425,Female,19.0,1.61,53.8
426,Male,22.0,1.75,70.0
427,Female,20.0,1.67,60.0
428,Male,23.0,1.7,69.0
429,Male,26.0,1.9,80.0
430,Male,18.0,1.65,85.0
431,Female,18.0,1.6,55.0
432,Male,19.0,1.8,70.0
433,Female,18.0,1.64,59.0
434,Male,19.0,1.89,87.0
435,Female,19.0,1.76,80.0
436,Female,18.0,1.56,55.0
437,Female,18.0,1.6,56.0
438,Female,19.0,1.67,64.0
439,Female,19.0,1.6,60.0
440,Female,18.0,1.55,56.0
441,Female,18.0,1.55,50.0
442,Male,26.0,1.72,65.0
443,Male,18.0,1.72,53.0
444,Male,19.0,1.7,60.0
445,Female,19.0,1.51,45.0
446,Male,19.0,1.83,82.0
447,Male,19.0,1.8,87.0
448,Female,24.0,1.6,100.5
449,Female,18.0,1.63,63.0
450,Male,19.0,1.71,71.0
451,Male,19.0,1.7,65.0
452,Male,23.0,1.75,69.0
453,Female,18.0,1.62,50.0
454,Female,20.0,1.68,68.0
455,Male,18.0,1.85,66.0
456,Female,33.0,1.59,60.0
457,Female,19.0,1.5,45.0
458,Male,19.0,1.69,60.0
459,Male,19.0,1.76,79.0
460,Female,18.0,1.62,55.0
461,Male,21.0,1.71,100.0
462,Male,27.0,1.72,88.0
463,Male,17.0,1.8,68.0
464,Male,18.0,1.93,86.0
465,Female,18.0,1.6,51.0
466,Male,22.0,1.74,75.0
467,Male,22.0,1.74,75.0
468,Female,20.0,1.62,45.0
469,Female,19.0,1.54,42.0
470,Female,20.0,1.56,51.5
471,Female,18.0,1.6,83.0
472,Female,18.0,1.54,71.0
473,Female,18.0,1.63,51.0
474,Male,19.0,1.78,64.0
475,Female,18.0,1.62,68.0
476,Female,18.0,1.71,75.0
477,Female,18.0,1.64,56.0
478,Male,19.0,1.69,65.0
479,Female,17.0,1.58,50.0
480,Female,18.0,1.57,50.0
481,Male,18.0,1.74,64.0
482,Female,20.0,1.58,53.5
483,Female,18.0,1.5,58.0
484,Female,36.0,1.65,80.0
485,Male,21.0,1.8,73.0
486,Male,23.0,1.75,75.0
487,Male,20.0,1.84,104.0
488,Male,21.0,1.88,84.0
489,Female,19.0,1.56,50.0
490,Male,24.0,1.75,84.0
491,Male,25.0,1.66,68.0
492,Male,45.0,1.7,86.0
493,Male,20.0,1.8,65.0
494,Female,18.0,1.67,66.0
495,Male,19.0,1.8,60.0
496,Male,18.0,1.72,53.0
497,Male,20.0,1.56,45.0
498,Female,25.196214,1.686306,104.572712
499,Female,18.503343,1.683124,126.67378000000001
500,Female,26.0,1.6223969999999999,110.79263
501,Female,21.853826,1.755643,137.796884
502,Female,21.90012,1.843419,165.057269
503,Female,18.306615,1.7456,133.03441
504,Female,26.0,1.630927,111.48551599999999
505,Female,26.0,1.629191,104.826776
506,Female,21.849705,1.7706119999999999,133.963349
507,Male,19.799054,1.743702,54.92752900000001
508,Male,17.188754,1.7719150000000001,55.695036
509,Male,22.285024,1.7537599999999998,55.879263
510,Female,22.0,1.675446,51.154201
511,Female,21.02497,1.6662029999999999,49.869791
512,Female,22.038327,1.7114669999999998,51.965521
513,Female,21.243142000000002,1.598019,44.845655
514,Female,22.142432,1.5961100000000001,42.848033
515,Female,21.962426,1.57206,43.919835
516,Female,21.491055,1.5869520000000001,43.087508
517,Female,22.717942999999998,1.59559,44.581159
518,Female,23.501248999999998,1.6,45.0
519,Female,18.535075,1.688025,45.0
520,Female,19.0,1.556211,42.339766999999995
521,Female,19.0,1.564199,42.096061999999996
522,Female,20.254534,1.56948,41.324558
523,Female,21.0,1.52,42.0
524,Female,20.225396,1.550648,44.641796
525,Female,19.869970000000002,1.520997,42.0
526,Female,20.147114000000002,1.528011,42.0
527,Female,21.0,1.52,42.0
528,Female,21.996523,1.733263,50.890363
529,Female,21.376426000000002,1.7225270000000001,50.833028999999996
530,Female,19.724106,1.734832,50.0
531,Male,23.0,1.882779,64.10610799999999
532,Male,22.851834,1.8545919999999998,63.611109
533,Male,23.0,1.8356430000000001,58.854416
534,Male,18.216032000000002,1.755507,52.0
535,Male,21.81119,1.7126599999999998,51.598593
536,Male,18.164768,1.6942650000000001,52.0
537,Female,18.871794,1.5868950000000002,41.452385
538,Female,18.766033,1.579561,41.890204
539,Female,18.540535000000002,1.564568,41.397378
540,Female,19.88036,1.6706349999999999,49.742931
541,Female,19.717249,1.6884259999999998,49.660995
542,Female,19.633898000000002,1.66084,49.039794
543,Female,23.0,1.7101819999999999,50.287967
544,Female,20.406871,1.7559779999999998,53.699560999999996
545,Female,23.0,1.728834,51.442293
546,Female,19.058511,1.6620169999999999,49.838965
547,Female,18.827008,1.7,50.0
548,Female,19.314964,1.661403,49.932199
549,Female,29.970445,1.610863,49.516027
550,Female,32.383858000000004,1.6406880000000001,46.655621999999994
551,Female,24.163526,1.6460299999999999,49.839684999999996
552,Male,17.038222,1.710564,51.588874
553,Male,16.30687,1.7527549999999998,50.0
554,Male,16.198153,1.691007,52.629374
555,Male,18.0,1.7533490000000003,51.457226
556,Male,18.0,1.781543,50.869704
557,Male,18.0,1.755823,52.331171999999995
558,Male,17.486869,1.8366689999999999,58.943346999999996
559,Male,19.920629,1.768493,57.790381000000004
560,Male,18.426619,1.7771080000000001,57.145917000000004
561,Female,17.082867,1.640824,43.365005
562,Female,17.000432999999997,1.584951,44.411801000000004
563,Female,16.270433999999998,1.818268,47.124717
564,Male,17.908114,1.793926,59.682591
565,Male,17.120699,1.809251,58.968993999999995
566,Male,19.329542,1.7673349999999999,55.700497
567,Female,22.377998,1.699568,54.98774
568,Female,20.954954999999998,1.7593580000000002,55.01045
569,Female,22.991668,1.7402950000000001,54.166453000000004
570,Female,19.300435,1.739354,49.649613
571,Female,17.065445,1.6478110000000001,49.603807
572,Female,19.084967000000002,1.7684349999999998,49.597765
573,Female,18.024853,1.7,50.0
574,Female,19.833682,1.6994639999999999,49.676046
575,Female,17.767432,1.7437900000000002,50.0
576,Female,19.504696,1.590317,42.367615
577,Female,19.950605,1.527133,42.0
578,Female,19.0,1.530875,42.0
579,Male,17.0,1.8482939999999999,59.409018
580,Male,17.0,1.824414,59.295171999999994
581,Male,18.525525,1.8566330000000002,59.258371999999994
582,Female,22.926351999999998,1.715597,50.0
583,Female,21.785351000000002,1.675054,49.945233
584,Female,23.0,1.717601,51.073918
585,Female,17.402028,1.7107560000000002,50.0
586,Female,18.0,1.7,50.0
587,Female,18.48207,1.7,50.0
588,Female,18.530839999999998,1.5738159999999999,39.850137
589,Female,19.94814,1.530884,39.371522999999996
590,Female,20.400053,1.529724,40.343463
591,Male,19.556729,1.767563,56.307019
592,Male,17.70368,1.883364,60.0
593,Male,18.274358,1.824655,58.621349
594,Male,18.0,1.840138,60.0
595,Male,17.210932999999997,1.8195569999999999,58.325122
596,Male,17.469417,1.798645,59.612717
597,Male,18.0,1.7108,50.92538
598,Male,18.0,1.7065299999999999,51.121749
599,Male,18.0,1.716691,51.149283000000004
600,Female,19.010210999999998,1.555431,44.188767
601,Female,19.091345999999998,1.603923,45.0
602,Female,19.773303,1.602082,45.0
603,Female,19.483036,1.53777,42.0
604,Female,19.0,1.538398,42.0
605,Female,19.407204,1.5208620000000002,42.0
606,Male,18.0,1.7178259999999999,51.7325
607,Male,18.424941,1.7533889999999999,54.121925
608,Male,18.0,1.70165,50.157707
609,Male,19.97981,1.7533599999999998,54.997374
610,Female,21.798856,1.672007,49.980968
611,Female,22.209706,1.593847,44.050251
612,Female,23.018442999999998,1.584785,44.376637
613,Female,19.376997,1.600264,45.0
614,Female,20.971429,1.549311,41.557468
615,Female,20.345160999999997,1.534385,41.96525
616,Female,20.519916000000002,1.7255479999999999,49.815599
617,Male,20.406066,1.8689310000000001,63.199726
618,Female,21.478496,1.686936,51.256059
619,Female,18.372563,1.5898290000000002,40.202773
620,Female,19.931667,1.653209,49.026214
621,Female,22.998708999999998,1.7401080000000002,53.65727
622,Female,18.006742000000003,1.7,50.0
623,Female,34.799519000000004,1.689141,50.0
624,Male,16.496978,1.6912060000000002,50.0
625,Male,18.0,1.788459,51.552595000000004
626,Male,17.377131,1.8112380000000001,58.830709999999996
627,Female,16.611837,1.830068,43.534531
628,Male,17.080493,1.7827560000000002,56.02941800000001
629,Female,22.970654999999997,1.7516909999999999,55.96765500000001
630,Female,17.764764000000003,1.78656,50.0
631,Female,19.272573,1.71367,50.0
632,Female,19.0,1.540375,42.006282
633,Male,17.06713,1.896734,59.895052
634,Female,23.0,1.710129,50.079991
635,Female,18.0,1.704193,50.631889
636,Female,19.054008,1.556611,39.695295
637,Male,18.0,1.8453990000000002,60.0
638,Male,17.491272,1.8346369999999999,59.990860999999995
639,Male,18.0,1.721854,52.514302
640,Female,20.172660999999998,1.605521,44.661460999999996
641,Female,19.220108,1.530266,42.0
642,Male,18.0,1.7188900000000003,52.058335
643,Male,19.96247,1.7563380000000002,54.98234
644,Male,17.580627,1.7703240000000002,55.695253
645,Female,21.125098,1.767479,56.265958999999995
646,Female,22.033129000000002,1.704223,51.437985
647,Female,20.744839000000002,1.6678520000000001,49.803921
648,Female,22.547298,1.722461,51.881263
649,Female,21.837996,1.5880459999999998,44.236067
650,Female,23.035829,1.5986120000000001,42.993937
651,Female,21.529439,1.592379,44.00945
652,Female,21.287999,1.555778,42.3601
653,Female,23.444285999999998,1.596466,44.594588
654,Female,22.329041,1.598393,44.918255
655,Female,18.91505,1.633316,45.0
656,Female,19.0,1.559567,42.12617
657,Female,19.052833,1.546551,42.069992
658,Female,19.59904,1.566501,41.706283
659,Female,21.0,1.52,42.0
660,Female,19.673262,1.599486,44.810751
661,Female,20.244359,1.559186,41.952805
662,Female,20.552695,1.523426,42.0
663,Female,21.0,1.52,42.0
664,Female,21.997683,1.689441,51.107925
665,Female,21.274628,1.737453,50.479039
666,Female,18.909439000000003,1.7320959999999999,50.0
667,Male,22.396504,1.869098,61.411141
668,Male,19.084317000000002,1.8511229999999999,61.264784999999996
669,Male,21.084625,1.787264,58.585145999999995
670,Male,18.068767,1.7877869999999998,52.0
671,Female,21.813083,1.7125150000000002,51.710723
672,Male,18.038422,1.698914,51.692271999999996
673,Female,18.874591,1.533609,41.669346000000004
674,Female,19.21164,1.5679809999999998,41.934368
675,Female,18.988581,1.544263,41.535047
676,Female,19.408998999999998,1.670552,49.804245
677,Female,19.665881,1.676346,49.105025
678,Female,19.758286,1.667404,49.125955
679,Female,22.422674,1.7001099999999998,50.173425
680,Male,20.242237,1.75633,54.56734300000001
681,Female,22.637017999999998,1.703584,51.607091
682,Female,19.007177,1.690727,49.895716
683,Female,18.288204999999998,1.7135639999999999,50.0
684,Female,19.314429,1.67231,49.713944
685,Female,27.148229999999998,1.6604459999999999,49.558304
686,Female,25.380557,1.630379,46.062954
687,Female,22.867719,1.655413,50.424661
688,Male,17.729923,1.732862,51.216463
689,Female,16.834813,1.7440200000000001,50.0
690,Male,17.521754,1.7579580000000001,52.09432
691,Male,18.0,1.786758,51.524444
692,Male,18.0,1.7670580000000002,51.132809
693,Male,18.128249,1.6994369999999999,52.08657
694,Male,17.405104,1.82525,58.913579000000006
695,Male,19.72925,1.7933150000000002,58.19515
696,Male,18.525834,1.776989,57.275946
697,Female,18.595614,1.6094950000000001,42.656563
698,Female,16.613108,1.777929,44.762023
699,Female,16.928791,1.710948,45.248627
700,Male,17.758315,1.8541619999999999,59.881316000000005
701,Male,17.282945,1.8215139999999999,59.605028000000004
702,Male,19.993154,1.762073,55.511075
703,Female,22.935612,1.732307,54.835576
704,Male,20.738469,1.7599330000000002,55.003417000000006
705,Female,22.993679999999998,1.741377,54.877111
706,Female,19.317148,1.731195,49.650897
707,Female,16.910997000000002,1.74823,49.928447
708,Female,19.071026999999997,1.7568650000000001,49.699672
709,Female,18.019572,1.7013779999999998,50.088468
710,Female,19.735968,1.699956,49.98297
711,Female,18.094079,1.723328,50.0
712,Female,19.054938,1.5858860000000001,42.541794
713,Female,20.850119,1.524926,42.0
714,Female,19.349258,1.5233700000000001,42.0
715,Male,17.0,1.8447490000000002,59.313525
716,Male,17.203917,1.853325,59.619485
717,Male,17.671064,1.8547060000000002,59.20945
718,Female,21.310907,1.7206400000000002,50.0
719,Female,21.708354,1.7041669999999998,50.165754
720,Female,22.176922,1.7174599999999998,51.491957
721,Female,17.823438,1.708406,50.0
722,Female,18.0,1.763465,50.279053000000005
723,Female,18.281092,1.7,50.0
724,Female,18.656912,1.574017,41.220175
725,Female,19.994543,1.537739,39.101805
726,Female,20.255616,1.534223,41.268597
727,Male,19.865895000000002,1.76033,55.3707
728,Male,17.888073000000002,1.841879,60.0
729,Male,18.470562,1.8564060000000002,58.673963
730,Male,17.925497,1.8291419999999998,59.933015000000005
731,Male,17.000752,1.822084,58.443049
732,Male,17.362129,1.8067099999999998,59.243506000000004
733,Male,18.0,1.707259,50.664459
734,Male,18.0,1.708107,51.314659000000006
735,Male,18.0,1.7393439999999998,50.951444
736,Female,19.029494,1.573987,44.316254
737,Female,19.269079,1.58092,44.753943
738,Female,19.946244,1.603435,45.0
739,Female,19.639431,1.53535,42.0
740,Female,19.0,1.5316100000000001,42.0
741,Female,19.434708999999998,1.525691,42.0
742,Male,18.0,1.719827,52.289828
743,Male,18.381382000000002,1.722547,53.783977
744,Male,18.0,1.738702,50.248677
745,Male,26.69858,1.816298,86.96376500000001
746,Male,21.125836,1.638085,70.0
747,Male,25.191627,1.813678,85.637789
748,Male,21.963457000000002,1.697228,75.5771
749,Male,21.0,1.617469,68.869791
750,Male,19.114981,1.855543,88.965521
751,Female,41.823567,1.721854,82.919584
752,Male,21.142432,1.8553529999999998,86.413388
753,Male,21.962426,1.696336,75.0
754,Female,18.836315,1.7516310000000002,80.0
755,Male,23.572648,1.698346,75.0
756,Female,33.700749,1.642971,74.803157
757,Female,21.845025,1.613668,68.12695500000001
758,Male,21.0,1.605404,68.226511
759,Female,35.125401000000004,1.529834,62.903938000000004
760,Female,36.769646,1.55,62.337720999999995
761,Female,21.868932,1.7312610000000002,78.175706
762,Male,22.549208,1.629194,70.0
763,Male,21.0,1.62,70.0
764,Male,21.0,1.62,70.0
765,Female,30.958957,1.633491,68.803694
766,Male,21.017383,1.752391,79.109637
767,Male,19.623573999999998,1.818226,85.83302900000001
768,Male,19.637947,1.8091009999999998,85.0
769,Male,21.413642000000003,1.709484,75.0
770,Male,21.029633,1.607082,67.722222
771,Female,22.667596,1.718939,75.951472
772,Male,20.0,1.831357,89.652557
773,Female,21.81119,1.6,66.40140699999999
774,Female,21.0,1.7548130000000002,77.929204
775,Male,18.128206,1.7784470000000001,80.27380699999999
776,Male,21.0,1.709561,75.0
777,Female,29.08107,1.674568,71.602622
778,Male,26.358919,1.7553169999999998,82.228794
779,Male,22.717249,1.708071,75.0
780,Male,19.816948999999997,1.806947,85.079589
781,Female,24.023972,1.599697,64.808022
782,Female,32.593129,1.721903,72.748903
783,Male,23.0,1.7125560000000002,75.48076400000001
784,Female,16.941489,1.551288,54.93241999999999
785,Female,16.172992,1.603842,65.0
786,Female,23.71259,1.588597,62.339003000000005
787,Female,35.194089,1.673482,73.193589
788,Male,23.172982,1.858624,88.675503
789,Female,37.218161,1.5938940000000001,63.320629000000004
790,Male,19.076442999999998,1.62,69.529625
791,Female,16.30687,1.616366,67.183128
792,Female,18.297229,1.6373959999999999,70.0
793,Female,18.610761,1.5507229999999999,60.628321
794,Female,17.451085,1.6,65.0
795,Male,29.740496000000004,1.820471,87.668828
796,Female,31.539393,1.6574959999999999,73.641633
797,Male,18.026457,1.7521229999999999,80.0
798,Male,19.47554,1.857231,88.138777
799,Female,19.0,1.76,79.54499799999999
800,Female,18.0,1.644682,68.392133
801,Female,18.270433999999998,1.737165,76.699774
802,Female,19.816228,1.507853,64.25937900000001
803,Male,28.391240000000003,1.8100599999999998,87.286783
804,Male,26.758515999999997,1.8017900000000002,86.981202
805,Male,21.033794,1.625891,70.0
806,Male,22.429812,1.64037,70.0
807,Male,26.650419,1.791047,83.26312
808,Male,21.618246,1.6793060000000002,75.0
809,Female,21.012542,1.615145,68.653347
810,Female,21.071195,1.616467,68.77185
811,Male,19.741201999999998,1.8167830000000003,86.52279899999999
812,Male,19.216379999999997,1.812472,86.748295
813,Female,42.24475,1.768231,75.62931
814,Male,22.283082,1.8709310000000001,89.251639
815,Male,21.086512,1.8636849999999998,89.558854
816,Male,23.451595,1.6702270000000001,75.0
817,Male,22.740275,1.7172880000000001,75.948164
818,Male,18.900253,1.750359,79.828725
819,Male,23.170309,1.707557,75.306702
820,Female,32.997118,1.6724459999999999,74.81270699999999
821,Female,32.501143,1.675979,74.959747
822,Female,21.938831,1.6112389999999999,67.939653
823,Female,21.909534,1.611356,68.06609
824,Male,21.0,1.62,70.0
825,Female,37.455752000000004,1.508908,63.183845999999996
826,Female,40.0,1.561109,62.871793999999994
827,Female,38.943282,1.554728,63.011644999999994
828,Female,21.987341,1.7301819999999999,78.55444
829,Female,21.198217,1.743841,78.88036
830,Male,21.0,1.62,70.0
831,Male,21.0,1.62,70.0
832,Male,21.0,1.62,70.0
833,Male,21.0,1.62,70.0
834,Male,21.0,1.62,70.0
835,Female,29.32038,1.642506,69.906708
836,Female,31.255587,1.69308,71.927379
837,Male,22.851773,1.752115,79.414603
838,Male,26.0,1.7450330000000003,80.0
839,Male,19.789291,1.820643,85.0
840,Male,19.895877,1.8073299999999999,85.073801
841,Male,19.693804,1.8,85.0
842,Male,19.226314000000002,1.814255,85.25563100000001
843,Male,21.652229000000002,1.7001810000000002,75.057177
844,Female,21.687409,1.604697,68.016472
845,Female,21.455463,1.611,68.107866
846,Female,21.0,1.7544970000000002,77.956921
847,Female,21.0,1.7529439999999998,77.965532
848,Male,19.337404,1.859927,87.105828
849,Male,21.701643,1.896073,90.52445999999999
850,Male,21.620245,1.605314,66.621646
851,Female,21.012569,1.7586279999999999,78.370039
852,Female,21.016623000000003,1.755427,78.300084
853,Female,19.0,1.779882,80.091886
854,Male,21.0,1.712061,75.0
855,Male,21.0,1.676014,75.0
856,Female,27.899784000000004,1.7,74.244004
857,Male,28.825222999999998,1.7658740000000002,82.045045
858,Male,26.047076999999998,1.74595,80.018571
859,Male,23.0,1.6901959999999998,75.0
860,Male,20.0,1.81748,85.0
861,Female,21.832995,1.580964,65.363941
862,Female,30.255744,1.652084,73.575981
863,Female,30.613585999999998,1.6455110000000002,69.16897800000001
864,Male,23.245407999999998,1.707968,75.383716
865,Female,18.0,1.456346,55.523481000000004
866,Female,18.0,1.498561,55.376512
867,Female,16.950499,1.603501,65.0
868,Female,21.837058,1.5580450000000001,63.597632999999995
869,Female,27.0,1.55,62.877347
870,Female,35.483601,1.647514,73.91691999999999
871,Male,23.801436,1.855779,86.098523
872,Male,23.367212,1.853223,87.08326600000001
873,Female,40.0,1.570811,62.211572
874,Female,16.38009,1.617124,67.913561
875,Female,16.865984,1.644053,67.439589
876,Female,16.093234,1.608914,65.0
877,Female,18.0,1.6479709999999999,68.818893
878,Female,18.83919,1.624831,69.975607
879,Female,19.726522,1.508267,61.10403
880,Female,18.947101999999997,1.518917,60.267427000000005
881,Female,17.781183,1.6,65.0
882,Male,33.100581,1.838791,87.85785
883,Female,33.251015,1.7303790000000001,75.920519
884,Female,18.985119,1.7591169999999998,80.0
885,Female,18.871917,1.755254,80.0
886,Male,19.478533,1.8040990000000001,85.196279
887,Male,19.429723000000003,1.813567,86.144904
888,Female,20.979254,1.75655,78.721696
889,Female,18.869151000000002,1.756774,79.989789
890,Female,18.236087,1.62,69.3899
891,Female,20.901393,1.709585,75.0
892,Female,17.08525,1.535618,57.259124
893,Male,25.785925,1.818848,87.032398
894,Male,26.787841999999998,1.817641,87.10731700000001
895,Male,21.037514,1.636592,70.0
896,Male,21.00829,1.621412,70.0
897,Male,26.703709999999997,1.802871,85.770013
898,Male,21.731497,1.6962009999999998,75.399191
899,Male,21.052894000000002,1.6946330000000003,75.0522
900,Female,21.0,1.618148,68.981403
901,Male,19.241058,1.856811,88.633616
902,Female,38.939448,1.738321,86.934846
903,Female,39.965474,1.739293,80.91438199999999
904,Male,20.261925,1.807538,85.316125
905,Male,20.31094,1.849425,85.228116
906,Male,21.420537,1.712473,75.0
907,Female,18.845518,1.753471,80.0
908,Male,23.562135,1.717432,75.37124399999999
909,Male,23.118326999999997,1.677573,75.0
910,Female,33.732714,1.679725,74.885222
911,Female,21.571288,1.600914,68.058902
912,Female,21.165574,1.6177489999999999,68.908136
913,Male,21.0,1.610209,68.86500799999999
914,Male,21.0,1.6125559999999999,69.463458
915,Female,38.692265,1.548178,62.341438000000004
916,Female,38.952866,1.568441,62.855073
917,Female,36.631456,1.532322,62.417228
918,Female,21.996118,1.7301990000000003,78.997062
919,Female,21.951309,1.7301669999999998,78.429312
920,Male,22.018228,1.6273959999999998,70.0
921,Male,21.0,1.62,70.0
922,Male,21.0,1.62,70.0
923,Male,21.0,1.62,70.0
924,Female,29.934465000000003,1.638744,69.242354
925,Female,31.166572,1.6808580000000002,71.81338000000001
926,Female,20.534606,1.758372,79.469513
927,Male,19.97166,1.822573,85.08436400000001
928,Male,19.627,1.815409,85.302146
929,Male,21.929387,1.6980490000000001,75.0
930,Female,21.009437,1.60681,67.773914
931,Female,21.538225,1.610327,67.999778
932,Male,22.828435,1.7104150000000002,75.14285799999999
933,Male,22.814657,1.716289,75.68843299999999
934,Male,19.576682,1.834715,89.429199
935,Female,21.814653,1.6118219999999999,67.140367
936,Female,21.979769,1.6,66.126964
937,Female,21.0,1.7535779999999999,77.97917
938,Female,21.0285,1.742364,78.664618
939,Male,18.721041,1.775626,80.113493
940,Male,21.0,1.7142529999999998,75.0
941,Male,21.0,1.693628,75.0
942,Female,29.463168,1.659172,71.170001
943,Male,24.284861,1.7763470000000001,82.329047
944,Male,26.288417,1.7678060000000002,82.694689
945,Male,23.455323999999997,1.702516,75.0
946,Male,19.637203,1.814182,85.301029
947,Female,22.239835999999997,1.59994,65.42394200000001
948,Female,31.626379999999997,1.666023,72.906186
949,Male,23.0,1.701584,75.09356899999999
950,Male,22.874658,1.713343,75.828119
951,Female,17.420269,1.489409,53.62060400000001
952,Female,17.807828,1.518067,55.822118999999994
953,Female,16.240576,1.616533,65.062945
954,Female,23.252457,1.589616,65.127324
955,Female,34.772902,1.6756119999999999,73.501233
956,Male,22.766227,1.874061,89.754302
957,Female,39.214514,1.580765,62.631381999999995
958,Male,19.858973000000002,1.62,69.575315
959,Female,16.370009,1.613921,66.73876899999999
960,Female,17.992717000000003,1.618683,67.193585
961,Male,19.179932,1.637537,70.0
962,Female,19.621545,1.566524,61.61600000000001
963,Female,19.755797,1.5423280000000001,63.856193000000005
964,Female,17.099014999999998,1.6,65.0
965,Female,17.258129999999998,1.600184,65.0
966,Male,29.153907,1.7736560000000001,87.070234
967,Female,32.278869,1.64602,74.14744300000001
968,Female,31.793937,1.65015,73.810728
969,Male,18.014332999999997,1.7510290000000002,80.0
970,Male,19.685,1.838266,89.496905
971,Male,19.506389000000002,1.8244490000000002,87.656029
972,Female,19.0,1.76,79.349221
973,Female,18.0,1.622241,68.250249
974,Female,18.003153,1.7299959999999999,75.816864
975,Female,18.052394,1.7252330000000002,75.970712
976,Female,19.774317,1.541039,64.726948
977,Male,21.180346,1.773766,89.28282
978,Male,21.793723999999997,1.75463,89.06822700000001
979,Male,20.880160999999998,1.6743270000000001,80.0
980,Male,21.18354,1.72,80.555875
981,Male,32.774488,1.913241,101.482054
982,Male,31.327609000000002,1.737984,82.523113
983,Male,29.956197999999997,1.703688,82.207978
984,Male,21.403420999999998,1.7163080000000002,80.0
985,Male,22.591439,1.65,80.0
986,Female,28.583944,1.57856,65.52274399999999
987,Male,38.825189,1.780846,85.687751
988,Male,35.217172999999995,1.8231680000000001,91.630257
989,Female,20.392665,1.525234,65.220249
990,Female,22.154854,1.481682,61.373868
991,Male,19.108795999999998,1.768578,87.803311
992,Female,20.70768,1.569878,69.743323
993,Female,20.634694,1.568188,67.904023
994,Male,22.052152,1.792527,89.994415
995,Male,22.869778,1.795311,89.86878399999999
996,Female,22.909992000000003,1.7000380000000002,80.0
997,Female,23.0,1.6686490000000003,80.458343
998,Male,24.679807,1.7,84.687554
999,Male,23.884211999999998,1.713825,83.952968
1000,Female,25.461411,1.7,78.05596800000001
1001,Male,31.333797999999998,1.8353810000000002,91.059595
1002,Male,24.108711,1.7,80.761409
1003,Female,28.830558,1.7,78.0
1004,Male,17.570089000000003,1.7,83.199034
1005,Female,19.027573999999998,1.659877,77.27265200000001
1006,Male,25.632447,1.836943,96.192662
1007,Male,22.94313,1.8196139999999998,93.08641899999999
1008,Male,23.285553,1.717775,85.312639
1009,Male,23.0,1.7918669999999999,90.0
1010,Female,25.19291,1.7,80.749657
1011,Male,34.389905999999996,1.68108,83.568035
1012,Female,26.595893,1.6607560000000001,78.574786
1013,Male,55.24625,1.7692689999999998,80.491339
1014,Male,34.543563,1.7651880000000002,85.0
1015,Male,21.808159,1.65,80.0
1016,Male,18.118277,1.654757,80.0
1017,Female,42.189023,1.6477680000000001,79.165306
1018,Male,22.0,1.6913029999999998,80.539
1019,Female,28.770852,1.532897,65.031879
1020,Female,25.483381,1.565288,64.84862700000001
1021,Female,21.67315,1.5,63.652330000000006
1022,Female,23.469538,1.507106,64.814109
1023,Male,23.0,1.7007400000000001,81.32297
1024,Male,23.0,1.715118,81.650778
1025,Female,38.464538,1.696423,78.967919
1026,Female,37.496175,1.6530880000000001,80.0
1027,Female,33.690239,1.6818419999999998,77.42646500000001
1028,Female,34.369686,1.652202,77.13322
1029,Male,31.426572999999998,1.848683,99.0
1030,Male,34.288249,1.835678,96.01850999999999
1031,Female,18.863875,1.560029,71.72806899999999
1032,Female,18.951144,1.621048,72.105856
1033,Male,19.671876,1.6994740000000002,78.0
1034,Male,50.832559,1.745528,82.130728
1035,Male,17.971574,1.720379,85.0
1036,Male,18.0,1.7587869999999999,85.050558
1037,Male,18.701766,1.704908,81.384224
1038,Female,34.389679,1.6913220000000002,77.56160200000001
1039,Male,17.178483,1.7862900000000002,95.277392
1040,Male,33.0816,1.7056169999999997,83.016968
1041,Male,33.270447999999995,1.733439,84.75383000000001
1042,Female,36.310292,1.701397,83.0
1043,Female,20.0,1.6252360000000001,74.433362
1044,Female,18.549437,1.545196,72.467862
1045,Male,34.243146,1.843172,92.69551
1046,Male,23.320120000000003,1.705813,82.011962
1047,Male,19.703095,1.704141,78.790936
1048,Male,19.223259,1.7060819999999999,78.073528
1049,Male,29.695603000000002,1.842943,93.798055
1050,Male,27.0,1.8809919999999998,99.623778
1051,Male,21.027662,1.7267740000000003,82.853749
1052,Male,33.015258,1.73196,84.315608
1053,Male,18.0,1.751278,86.963628
1054,Male,30.553096999999998,1.780448,88.431954
1055,Male,33.0,1.85,97.92035
1056,Male,24.911994,1.785241,88.03748
1057,Male,24.444846,1.7188450000000002,86.319887
1058,Female,19.911246,1.530248,68.85096999999999
1059,Female,34.204408,1.664927,80.386078
1060,Female,34.281681,1.6733330000000002,77.205685
1061,Male,23.384373999999998,1.725587,82.480214
1062,Female,43.238402,1.733875,86.94538
1063,Female,45.0,1.6759529999999998,79.66832
1064,Male,22.087389,1.786238,89.802492
1065,Male,21.378039,1.718534,80.0
1066,Male,31.398281,1.919543,101.544589
1067,Male,31.484494,1.707613,82.586893
1068,Male,21.709159,1.658393,80.0
1069,Female,30.711381,1.5368190000000002,65.912688
1070,Male,34.821442,1.805459,90.13868000000001
1071,Female,20.843363,1.521008,67.08312099999999
1072,Male,19.443639,1.744733,87.27989000000001
1073,Female,20.492077,1.529223,65.140408
1074,Male,22.944349,1.7997419999999997,89.98168000000001
1075,Female,23.0,1.681314,80.03720200000001
1076,Male,24.068939999999998,1.706912,85.743727
1077,Female,23.728707,1.663509,80.0
1078,Male,29.216019,1.7522650000000002,88.096062
1079,Male,24.751510999999997,1.735343,83.337721
1080,Female,28.977791999999997,1.7,78.0
1081,Male,17.441593,1.7,83.41407199999999
1082,Female,19.126145,1.633794,77.858532
1083,Male,24.122589,1.856759,95.887056
1084,Male,23.0,1.77433,90.0
1085,Female,28.824194,1.7,78.0
1086,Male,34.204611,1.719509,84.416515
1087,Female,28.167799,1.658202,78.0
1088,Male,55.13788100000001,1.6572209999999998,80.993213
1089,Male,34.970366999999996,1.7133479999999999,84.722222
1090,Male,20.986833999999998,1.6771779999999998,80.379575
1091,Female,38.378056,1.67805,77.224574
1092,Male,22.18881,1.7177220000000002,81.92990999999999
1093,Female,21.082384,1.486484,60.117993000000006
1094,Female,25.293201999999997,1.503379,64.34245899999999
1095,Male,23.0,1.718981,81.66995
1096,Female,39.170029,1.6883540000000001,79.278896
1097,Female,34.044229,1.665807,77.098973
1098,Male,33.182127,1.838441,97.029249
1099,Female,19.821996,1.653431,75.090439
1100,Male,19.149706,1.699818,78.0
1101,Male,46.491859000000005,1.7180970000000002,88.60087800000001
1102,Male,17.894784,1.7313889999999998,84.064875
1103,Male,18.88485,1.6996669999999998,79.67793
1104,Female,38.384177,1.6986259999999997,78.63730699999999
1105,Male,22.675679000000002,1.823765,96.945262
1106,Male,33.049121,1.7087419999999998,83.001642
1107,Female,37.205172999999995,1.6674689999999999,80.99337299999999
1108,Female,19.027417,1.588147,73.939268
1109,Male,37.492444,1.8350240000000002,92.368359
1110,Male,24.657598,1.7088,83.520113
1111,Male,18.011718,1.680991,79.752916
1112,Male,27.349745000000002,1.8352709999999999,97.58825999999999
1113,Male,18.0,1.742819,86.565148
1114,Male,33.009285,1.7411919999999999,84.773349
1115,Male,18.0,1.7597209999999999,86.0805
1116,Male,30.079371000000002,1.810616,92.860254
1117,Male,25.035915,1.7631009999999998,88.532032
1118,Female,18.198322,1.5433379999999999,71.799982
1119,Female,35.456326000000004,1.6518119999999998,79.437921
1120,Male,23.806789000000002,1.732492,84.557797
1121,Female,39.392569,1.7063490000000001,85.720788
1122,Male,21.384259,1.7806790000000001,89.667406
1123,Male,22.730414,1.758687,89.673648
1124,Male,21.20563,1.704573,80.0
1125,Male,21.333429000000002,1.716545,80.005809
1126,Male,32.787101,1.903832,99.812443
1127,Male,32.610018,1.7425380000000001,83.39098299999999
1128,Male,30.022598,1.747739,83.314157
1129,Male,21.123048,1.717037,80.0
1130,Female,22.989846,1.65,80.0
1131,Female,24.320154000000002,1.577921,65.29317900000001
1132,Male,37.275298,1.746055,83.282232
1133,Male,34.098174,1.8411509999999998,91.798103
1134,Female,21.001282,1.517998,64.696248
1135,Female,21.95994,1.483284,62.894282999999994
1136,Male,19.795269,1.7589720000000002,87.86143100000001
1137,Female,19.090023000000002,1.562434,70.442775
1138,Female,20.820455,1.547066,67.473282
1139,Male,22.087056,1.7924349999999998,89.998729
1140,Male,22.185756,1.784555,89.836692
1141,Female,22.980957,1.700216,80.473587
1142,Male,23.0,1.6721009999999998,80.93973299999999
1143,Male,24.190896,1.7,84.849349
1144,Male,23.94003,1.7213479999999999,83.986714
1145,Female,26.591628000000004,1.7,78.008388
1146,Male,31.264628000000002,1.803129,91.052215
1147,Female,23.629159,1.70002,80.420434
1148,Female,26.208134,1.7,78.041338
1149,Male,17.689057000000002,1.713599,83.285753
1150,Male,19.160970000000002,1.662728,77.47320400000001
1151,Male,25.457629999999998,1.8373990000000002,95.952027
1152,Male,22.988004,1.80827,91.363293
1153,Male,23.603191,1.7145080000000001,85.137113
1154,Male,22.882558,1.793451,89.90925899999999
1155,Female,23.586057999999998,1.7004990000000002,81.108599
1156,Male,34.432669,1.694997,84.45142299999999
1157,Female,25.472995,1.688911,78.434492
1158,Male,55.022493999999995,1.6733939999999998,80.400306
1159,Male,34.647036,1.7694990000000002,85.0
1160,Male,21.997335,1.65,80.0
1161,Male,18.181821,1.662669,79.863546
1162,Female,41.743333,1.67861,79.849252
1163,Male,21.473078,1.694423,80.311273
1164,Female,27.757187,1.5054370000000001,63.892070999999994
1165,Female,25.113537,1.505387,63.715219
1166,Female,21.82165,1.491441,62.269912
1167,Female,20.670975,1.509408,64.852953
1168,Male,22.649792,1.6850450000000001,81.02211899999999
1169,Male,23.154311,1.7230720000000002,82.338464
1170,Female,38.097395,1.696954,78.156035
1171,Female,37.642177000000004,1.6760950000000001,79.079738
1172,Female,34.176795,1.6810209999999999,77.392179
1173,Female,34.231083,1.6540669999999997,79.697278
1174,Male,31.965402,1.8407080000000002,98.259423
1175,Male,33.185660999999996,1.836007,97.41641700000001
1176,Female,18.741188,1.556789,71.78818100000001
1177,Female,19.955257,1.5891,72.713611
1178,Male,19.684891,1.700627,78.04820699999999
1179,Male,47.7061,1.7439349999999998,84.729197
1180,Male,17.997009,1.7426540000000001,85.0
1181,Male,17.971785999999998,1.754441,85.002884
1182,Male,20.432717,1.719342,80.790813
1183,Female,33.954433,1.6822529999999998,77.431678
1184,Male,17.039057999999997,1.7999020000000001,95.419668
1185,Male,33.070142,1.709428,83.014033
1186,Male,34.993835,1.7524560000000002,84.78375600000001
1187,Male,35.719457,1.685947,83.3258
1188,Female,19.005725,1.599999,73.513873
1189,Female,18.850466,1.5500530000000001,72.9518
1190,Male,31.540751,1.8280919999999998,91.49571800000001
1191,Male,23.335391,1.71338,82.085549
1192,Male,19.749627,1.680764,79.621463
1193,Male,19.565496,1.705584,78.025625
1194,Male,30.357745,1.841852,93.614246
1195,Male,27.0,1.834986,99.083478
1196,Male,21.380336,1.724839,82.27635
1197,Male,33.151905,1.685127,83.98689499999999
1198,Male,18.0,1.750097,86.372141
1199,Male,32.241587,1.757961,87.906019
1200,Male,31.662814,1.8489650000000002,98.912261
1201,Male,24.347414,1.789193,89.393589
1202,Male,24.362123999999998,1.716677,85.261339
1203,Female,19.462713,1.550122,69.936073
1204,Female,35.432059,1.6631779999999998,80.13516700000001
1205,Female,33.864257,1.679299,77.355417
1206,Male,23.807181,1.729177,82.52724
1207,Male,39.585811,1.719153,86.464843
1208,Female,45.821267,1.6873259999999999,80.413997
1209,Male,25.929745999999998,1.7724490000000002,105.0
1210,Male,26.042738,1.8371169999999999,105.71221899999999
1211,Male,30.551762,1.784377,102.872505
1212,Male,39.759575,1.792507,101.78009899999999
1213,Female,31.386405,1.5565790000000002,78.23334100000001
1214,Female,25.706285,1.585547,80.351263
1215,Female,43.604901,1.569234,81.827288
1216,Female,42.31607,1.583943,81.936398
1217,Female,22.654316,1.621233,82.0
1218,Female,22.679935,1.6084,82.603984
1219,Male,24.079524,1.733439,97.911865
1220,Male,21.196151999999998,1.65,88.472359
1221,Female,22.596576000000002,1.650052,87.272552
1222,Female,23.0,1.644161,84.340406
1223,Female,37.356288,1.559499,77.26813
1224,Male,22.754645999999997,1.7342369999999998,95.0
1225,Male,23.252906,1.7758150000000001,97.813023
1226,Female,22.025438,1.640426,87.34415600000001
1227,Female,18.086772,1.65,82.13682
1228,Male,25.994393,1.753321,107.998815
1229,Female,40.821515000000005,1.553026,77.74518
1230,Male,23.0,1.706525,90.500055
1231,Female,37.955371,1.560648,80.0
1232,Male,31.315593,1.673352,90.0
1233,Male,22.661556,1.6603240000000001,94.189167
1234,Male,40.317787,1.786318,98.447311
1235,Male,23.365648999999998,1.757691,95.361795
1236,Male,21.72127,1.712163,98.69997099999999
1237,Male,35.389491,1.78,100.84763000000001
1238,Female,22.061460999999998,1.6,82.040318
1239,Female,23.0,1.6108200000000001,82.53299399999999
1240,Female,23.0,1.665199,83.15115
1241,Female,40.951591,1.542122,80.0
1242,Female,39.135634,1.507867,79.58958
1243,Male,26.271621000000003,1.660955,90.0
1244,Female,23.779235,1.5531270000000001,78.0
1245,Male,20.586978,1.781952,102.910613
1246,Male,21.669478,1.75,96.94025500000001
1247,Female,23.0,1.6158540000000001,80.615325
1248,Male,20.825962,1.793378,105.65503700000001
1249,Male,18.178023,1.8547799999999999,114.77484
1250,Female,18.0,1.6856330000000002,90.032671
1251,Female,18.267696,1.706343,93.348843
1252,Male,23.0,1.7914150000000002,105.13807299999999
1253,Male,23.0,1.753716,106.49141000000002
1254,Male,20.9859,1.780503,103.189532
1255,Male,21.504943,1.819867,106.038468
1256,Male,18.0,1.7911740000000003,108.9606
1257,Male,18.0,1.82093,108.742005
1258,Female,19.442663,1.627812,82.0
1259,Female,22.865018,1.632118,82.0
1260,Male,21.948577,1.773594,105.00078899999998
1261,Male,21.214617,1.930416,118.56050900000001
1262,Male,22.277859,1.9474060000000002,116.893105
1263,Female,37.832949,1.610867,80.0
1264,Female,37.631769,1.513202,75.410647
1265,Male,17.6739,1.7384650000000001,97.185474
1266,Female,37.524551,1.567915,76.129784
1267,Female,43.510672,1.587546,76.126112
1268,Male,18.0,1.820385,108.395005
1269,Male,18.0,1.792239,108.24437900000001
1270,Male,29.506287,1.82697,108.751502
1271,Female,18.0,1.6700580000000003,86.24267900000001
1272,Male,24.733307999999997,1.6393830000000003,91.267087
1273,Male,29.0,1.682916,89.991671
1274,Female,18.0,1.609321,84.493156
1275,Male,21.098035,1.690437,96.366777
1276,Male,19.089595000000003,1.700164,99.204695
1277,Female,18.312665,1.60074,82.249831
1278,Male,18.260079,1.801848,104.74191400000001
1279,Male,26.004294,1.8447509999999998,105.02580800000001
1280,Male,25.994746,1.811602,106.042142
1281,Male,36.726617,1.787521,100.624553
1282,Male,38.297259000000004,1.789109,100.06626800000001
1283,Female,30.163408,1.533364,78.030383
1284,Female,28.770039,1.580858,79.713492
1285,Female,42.337283,1.6463900000000002,86.639861
1286,Female,47.283374,1.643786,81.97874300000001
1287,Female,22.518787,1.634342,82.414477
1288,Female,22.836315,1.6048930000000001,82.0
1289,Male,23.0,1.6549610000000001,94.79057900000001
1290,Male,22.975526000000002,1.701986,95.0
1291,Male,22.720449,1.65,89.139209
1292,Male,23.887569,1.657995,90.0
1293,Female,23.0,1.634688,82.62799999999999
1294,Female,23.0,1.628168,84.49798
1295,Female,38.148845,1.557808,79.661693
1296,Female,37.96543,1.560199,80.0
1297,Male,22.771612,1.750384,95.324282
1298,Male,22.582371,1.7530810000000001,95.26908900000001
1299,Female,21.008051000000002,1.65,88.126544
1300,Female,22.591026,1.6500119999999998,87.676154
1301,Female,16.129279,1.65,85.583485
1302,Female,16.913841,1.634832,85.803809
1303,Male,29.43879,1.7701259999999999,108.60271499999999
1304,Male,29.881301,1.758189,108.721893
1305,Female,43.591999,1.595165,77.354744
1306,Female,40.993179,1.567756,79.493626
1307,Male,22.936098,1.702825,93.638318
1308,Male,23.0,1.735659,93.42920500000001
1309,Female,37.597953000000004,1.62901,80.0
1310,Female,37.532066,1.615385,80.0
1311,Male,31.630053999999998,1.671705,90.0
1312,Male,31.641081,1.676595,89.993812
1313,Male,21.872484,1.699998,95.564428
1314,Male,21.834894,1.7227849999999998,94.094184
1315,Male,36.023972,1.670667,90.575934
1316,Male,39.656559,1.7899919999999998,98.021766
1317,Male,24.184891,1.768834,97.44974300000001
1318,Male,23.237302,1.7610080000000001,97.82934399999999
1319,Male,35.322112,1.78,102.265955
1320,Male,31.387982,1.8102150000000001,105.254354
1321,Female,23.0,1.6084690000000001,82.954796
1322,Female,23.0,1.630357,83.1011
1323,Female,22.679454,1.62826,82.967937
1324,Female,22.480889,1.6056620000000001,82.470375
1325,Female,41.403862,1.567973,81.056851
1326,Female,40.702771000000006,1.548403,80.0
1327,Male,29.389239,1.6818549999999999,90.0
1328,Male,30.967416999999998,1.688436,90.0
1329,Female,23.474165,1.577115,78.0
1330,Female,24.317607000000002,1.586751,79.109029
1331,Male,17.052914,1.710616,99.860254
1332,Male,18.048920000000003,1.721384,99.430612
1333,Female,22.875223000000002,1.6243670000000001,82.0
1334,Female,22.884722,1.622787,82.0
1335,Male,18.729566000000002,1.855433,112.87528300000001
1336,Male,21.011124,1.8563150000000002,118.183797
1337,Female,18.603496,1.681719,90.671871
1338,Female,21.106056,1.722884,92.94925400000001
1339,Male,23.0,1.799406,106.528811
1340,Male,21.980847,1.819875,106.04851599999999
1341,Male,21.016665,1.790172,105.042194
1342,Male,21.72738,1.783782,105.000276
1343,Male,18.0,1.7839060000000002,109.20761399999999
1344,Male,18.0,1.8442180000000001,109.19552900000001
1345,Female,19.431662,1.6316620000000002,82.0
1346,Female,18.166318,1.6495529999999998,82.323954
1347,Male,22.352025,1.7547110000000001,105.00070600000001
1348,Male,22.469351,1.762515,105.000097
1349,Male,19.524698,1.942725,121.657979
1350,Male,20.491475,1.9756630000000002,120.70293500000001
1351,Female,39.213399,1.586301,80.0
1352,Female,38.098745,1.5984479999999999,80.0
1353,Male,19.034032999999997,1.703098,98.296651
1354,Male,17.073648000000002,1.706996,99.544696
1355,Female,38.547267,1.5264719999999998,75.150345
1356,Female,38.683794,1.5019930000000001,76.642944
1357,Male,18.0,1.784402,108.413119
1358,Male,18.0,1.792687,108.20454699999999
1359,Male,29.622804,1.814052,109.411622
1360,Male,30.796259999999997,1.789421,109.599453
1361,Female,18.0,1.6869040000000002,90.004046
1362,Female,18.107092,1.703259,91.49968299999999
1363,Male,31.335093,1.665798,89.738596
1364,Male,29.0,1.66671,89.048151
1365,Female,18.011903,1.65,84.210535
1366,Female,18.0,1.6494389999999999,84.897738
1367,Male,21.077355999999998,1.702002,97.971598
1368,Male,21.052016000000002,1.69382,99.530971
1369,Female,18.078256,1.622999,82.403076
1370,Female,18.063582,1.633675,82.459577
1371,Male,20.418832000000002,1.8366689999999999,105.257543
1372,Male,20.580984,1.798354,103.70541800000001
1373,Male,26.032416,1.824432,105.131956
1374,Male,25.955361,1.830384,105.47931299999999
1375,Male,26.015448000000003,1.829907,105.436173
1376,Male,25.920738,1.823755,105.80015800000001
1377,Male,29.633715000000002,1.8348419999999999,105.19936000000001
1378,Male,32.895637,1.7839009999999997,103.771371
1379,Male,38.748307000000004,1.7820669999999998,103.586342
1380,Male,39.685846000000005,1.781032,96.303855
1381,Female,33.226808,1.557943,77.647716
1382,Female,26.220065,1.560258,78.43590400000001
1383,Female,23.090215,1.596586,80.72619499999999
1384,Female,24.565628,1.62093,81.718232
1385,Female,42.586285,1.571417,81.918809
1386,Female,43.719395,1.584322,80.986496
1387,Female,43.37634,1.582523,81.919454
1388,Female,39.648946,1.572791,80.086524
1389,Female,22.693989000000002,1.627908,82.0
1390,Female,22.676243,1.620938,82.283185
1391,Female,22.804818,1.613119,82.636162
1392,Female,22.857123,1.62686,82.410189
1393,Male,23.096353,1.7281830000000002,97.959899
1394,Male,22.815416,1.732694,98.44113
1395,Female,21.02064,1.65,88.129437
1396,Female,21.001458,1.65,88.026943
1397,Female,22.87795,1.66913,86.002736
1398,Female,22.847618,1.669136,85.56838499999999
1399,Female,23.0,1.611058,84.191125
1400,Female,23.0,1.649736,84.134712
1401,Female,39.129290999999995,1.532643,77.550345
1402,Female,37.441044,1.5242930000000001,76.202761
1403,Male,22.969366,1.701634,95.0
1404,Male,22.735328,1.7239209999999998,94.743892
1405,Male,23.32471,1.769484,96.078462
1406,Male,23.668136999999998,1.7774159999999999,97.84240600000001
1407,Female,21.895468,1.6445599999999998,88.119139
1408,Female,21.3928,1.6411490000000002,88.079177
1409,Female,18.178076,1.6428919999999998,82.144405
1410,Female,18.907514000000003,1.65,82.01831
1411,Male,26.011928,1.777251,106.452367
1412,Male,25.696735999999998,1.8146959999999999,107.55963
1413,Female,40.466313,1.559005,77.601483
1414,Female,38.445147999999996,1.556028,77.684229
1415,Male,24.473062,1.6537509999999997,91.204753
1416,Male,23.479181,1.6801709999999999,91.068054
1417,Female,38.397463,1.552648,80.0
1418,Female,37.974483,1.560215,80.0
1419,Male,31.783524,1.672959,90.0
1420,Male,29.681308,1.6800580000000003,89.994351
1421,Male,21.587743,1.664752,94.256547
1422,Male,21.746113,1.668553,94.454394
1423,Male,39.569004,1.7852860000000002,100.431625
1424,Male,36.67933,1.780725,98.79016700000001
1425,Male,22.927011,1.7510459999999999,95.285898
1426,Male,23.329344,1.751365,95.290429
1427,Male,22.126325,1.7172619999999998,98.57915600000001
1428,Male,21.679157999999997,1.741393,98.182498
1429,Male,36.673882,1.7921,101.285765
1430,Male,37.936044,1.785957,99.199287
1431,Female,22.226815,1.609068,83.785312
1432,Female,22.538932,1.603963,82.012637
1433,Female,22.307413,1.6054950000000001,82.528575
1434,Female,22.362876999999997,1.6071819999999999,82.368441
1435,Female,22.899739999999998,1.661715,82.595793
1436,Female,22.997168,1.6557419999999998,82.46376
1437,Female,38.895069,1.5492569999999999,80.0
1438,Female,40.789528999999995,1.549748,80.0
1439,Female,40.654154999999996,1.52906,79.760922
1440,Female,38.542937,1.517248,79.843221
1441,Male,25.95383,1.6573099999999998,90.0
1442,Male,26.826960999999997,1.673287,90.0
1443,Female,23.803904,1.5815270000000001,78.089575
1444,Female,23.652435,1.562724,80.535698
1445,Male,20.677104999999997,1.781251,102.950929
1446,Male,21.797388,1.775584,103.605896
1447,Male,22.719385,1.746645,96.875502
1448,Male,22.177099,1.741353,96.738014
1449,Female,23.099906,1.571812,78.997166
1450,Female,24.17851,1.589027,80.553067
1451,Male,20.924808,1.803245,105.68609099999999
1452,Male,20.975973,1.792646,105.619143
1453,Male,21.856301000000002,1.87199,115.627554
1454,Male,18.140751,1.859056,111.235188
1455,Female,18.0,1.6922419999999998,90.019501
1456,Female,18.0,1.683,90.924208
1457,Female,20.206357999999998,1.7383970000000002,93.890682
1458,Female,18.152876000000003,1.694969,92.508122
1459,Male,22.336216,1.7857180000000001,105.05568600000001
1460,Male,23.0,1.7425,105.02866499999999
1461,Male,22.088059,1.803132,106.32956899999999
1462,Male,23.0,1.7746439999999999,105.966894
1463,Male,20.993067,1.7822689999999999,104.97003000000001
1464,Male,20.654752,1.780791,102.92121800000001
1465,Male,21.624551999999998,1.7901509999999998,106.32068600000001
1466,Male,21.682636,1.818641,105.496975
1467,Male,18.0,1.806827,108.82939499999999
1468,Male,18.0,1.811189,108.800964
1469,Male,18.0,1.811738,108.897324
1470,Male,18.0,1.799779,108.934574
1471,Female,19.374207000000002,1.6326049999999999,82.0
1472,Female,19.275686999999998,1.623377,82.851318
1473,Female,22.956845,1.618686,81.281578
1474,Female,22.829681,1.616085,82.582954
1475,Male,22.200779,1.7693279999999998,105.000576
1476,Male,21.688557,1.807029,105.696358
1477,Male,20.803186,1.8825330000000002,117.468516
1478,Male,19.515324,1.879144,112.932984
1479,Male,21.962219,1.9312630000000002,118.20313
1480,Male,20.534089,1.861358,115.39792
1481,Female,39.29266,1.567131,80.0
1482,Female,37.872971,1.565366,80.0
1483,Female,37.613378000000004,1.5160069999999999,77.033049
1484,Female,37.471683,1.5498120000000002,76.08251700000001
1485,Male,18.611197,1.714143,96.568814
1486,Male,17.412629000000003,1.723191,97.35036600000001
1487,Female,39.12631,1.562889,76.65949
1488,Female,37.063598999999996,1.502609,75.279605
1489,Female,41.318302,1.544937,77.05394799999999
1490,Female,43.726081,1.592316,77.00103
1491,Male,18.0,1.7877330000000002,108.01921100000001
1492,Male,18.0,1.7827220000000001,108.04431299999999
1493,Male,18.0,1.797523,108.31646200000002
1494,Male,18.0,1.803527,108.251044
1495,Male,29.409825,1.8012240000000002,108.15619
1496,Male,28.421533,1.8292389999999998,107.10819
1497,Female,18.0,1.6929130000000001,89.93889
1498,Female,18.0,1.668555,85.607466
1499,Male,23.246702,1.652971,93.310284
1500,Male,24.481032,1.6612770000000001,90.74496500000001
1501,Male,29.0,1.641784,89.424947
1502,Male,27.968765,1.6737669999999998,89.99503399999999
1503,Female,18.024744000000002,1.617192,83.121811
1504,Female,18.106820000000003,1.6021290000000001,82.412665
1505,Male,21.379676,1.701413,96.710735
1506,Male,21.353237,1.7097310000000001,95.032177
1507,Male,20.338815,1.6988290000000001,98.572753
1508,Male,20.720639000000002,1.7053040000000002,99.873716
1509,Female,19.045357,1.61291,82.193405
1510,Female,18.945960999999997,1.605469,82.039
1511,Male,18.88061,1.8041599999999998,104.40682
1512,Male,19.850524,1.785062,104.187314
1513,Male,30.200946000000002,1.7559259999999999,112.289883
1514,Male,25.314589,1.7878020000000001,115.12766200000002
1515,Male,37.186795000000004,1.704877,107.94747
1516,Male,32.707653,1.6953470000000002,102.810704
1517,Male,27.562425,1.908608,128.828122
1518,Male,30.421596,1.8192959999999998,122.13791699999999
1519,Male,26.945139,1.773259,118.15434499999999
1520,Male,34.139453,1.774647,120.151967
1521,Male,26.225441999999997,1.773664,116.160329
1522,Male,28.363149,1.7934759999999998,112.72500500000001
1523,Male,27.991467,1.82559,120.860386
1524,Male,25.498751000000002,1.885543,121.253083
1525,Male,30.605225,1.75,120.0
1526,Male,31.457413,1.8740700000000001,128.867444
1527,Male,24.82929,1.7559669999999998,112.256165
1528,Male,24.739421,1.7570689999999998,117.29823300000001
1529,Male,41.0,1.75,116.594351
1530,Male,27.83173,1.7040279999999999,101.634313
1531,Male,23.260061,1.849003,121.414744
1532,Male,22.705772,1.8419889999999999,122.02495400000001
1533,Male,24.041043,1.613491,98.49076600000001
1534,Male,20.013906,1.647821,106.509947
1535,Male,30.020190000000003,1.7583400000000002,112.010504
1536,Male,25.15462,1.758398,112.089022
1537,Male,30.870724,1.6707740000000002,101.626189
1538,Male,28.712995000000003,1.6655849999999999,98.66176
1539,Male,30.710511,1.9141860000000002,129.852531
1540,Male,29.827481,1.899588,124.269251
1541,Male,31.86893,1.75,118.102897
1542,Male,36.542885,1.75,119.43464499999999
1543,Male,21.556361,1.773664,116.160329
1544,Male,23.963649,1.7929979999999999,116.10261499999999
1545,Male,24.145295,1.82559,120.860386
1546,Male,25.2984,1.827279,120.996074
1547,Male,31.755387,1.7754159999999999,121.204668
1548,Male,30.62865,1.766975,118.363376
1549,Male,23.454558,1.754218,117.384745
1550,Male,23.432226999999997,1.754996,119.087557
1551,Male,40.500209999999996,1.748103,108.30811200000001
1552,Male,34.576714,1.73325,103.669116
1553,Male,22.276969,1.84995,121.78648500000001
1554,Male,21.963787,1.8496009999999998,122.333425
1555,Male,24.001685000000002,1.606066,99.961731
1556,Male,20.027764,1.611434,103.175516
1557,Male,28.704462,1.7628869999999999,113.90198000000001
1558,Male,26.774115000000002,1.755938,112.287678
1559,Male,25.539410999999998,1.787052,115.428276
1560,Male,25.300207999999998,1.7652580000000002,114.330023
1561,Male,31.194458,1.7262790000000001,110.71471100000001
1562,Male,40.794057,1.7358509999999998,109.889334
1563,Male,33.55336,1.699793,103.841672
1564,Male,30.304203,1.703202,103.0344
1565,Male,30.958051,1.9068209999999999,128.856677
1566,Male,29.429687,1.910987,129.935666
1567,Male,30.520853999999996,1.7840490000000002,120.644178
1568,Male,30.610436,1.783914,120.54959199999999
1569,Male,26.740655,1.8638830000000002,120.202596
1570,Male,26.680376000000003,1.812259,118.277657
1571,Male,37.056193,1.75015,118.206565
1572,Male,28.825279,1.815347,120.399758
1573,Male,25.883748999999998,1.767077,114.133149
1574,Male,25.486521,1.762461,115.531622
1575,Male,29.883021000000003,1.779049,112.43850800000001
1576,Male,26.957645,1.780731,112.957922
1577,Male,26.490926,1.8725169999999998,120.898397
1578,Male,27.558801000000003,1.8012240000000002,119.050381
1579,Male,22.908879000000002,1.876898,121.277832
1580,Male,24.201622,1.77558,120.58941899999999
1581,Male,31.689773,1.7656900000000002,120.08294099999999
1582,Male,30.242596999999996,1.7597720000000001,118.38236100000002
1583,Male,31.346845000000002,1.823545,126.460936
1584,Male,30.577343,1.868923,125.064264
1585,Male,25.124595000000003,1.77151,113.207124
1586,Male,25.509034,1.7721900000000002,114.097656
1587,Male,25.478662,1.858265,117.57457
1588,Male,25.100513,1.830596,118.42415600000001
1589,Male,38.523646,1.765836,118.53324599999999
1590,Male,38.71216,1.7702779999999998,117.29188
1591,Male,25.717522,1.673491,103.706181
1592,Male,32.259623,1.7033459999999998,102.686239
1593,Male,23.47007,1.8429060000000002,121.14253500000001
1594,Male,24.408804999999997,1.7795470000000002,118.740035
1595,Male,24.443011,1.873368,121.82961999999999
1596,Male,22.906342000000002,1.755902,120.021161
1597,Male,24.007488000000002,1.6176549999999998,100.941357
1598,Male,30.686701,1.6445169999999998,100.004418
1599,Male,20.184451,1.701284,104.578255
1600,Male,25.447208,1.6589099999999999,104.548794
1601,Male,30.002028999999997,1.759324,112.000381
1602,Male,30.188303,1.758382,112.10073999999999
1603,Male,24.244029,1.6222969999999999,99.982541
1604,Male,24.521879000000002,1.623278,97.582959
1605,Male,29.721964,1.918859,129.991623
1606,Male,29.906575,1.913252,129.232216
1607,Male,37.084742,1.75,118.07381000000001
1608,Male,39.08886,1.75,119.029103
1609,Male,22.658572,1.784994,113.71452099999999
1610,Male,22.889098999999998,1.7925330000000002,116.157766
1611,Male,24.63474,1.829757,120.980508
1612,Male,24.920362,1.796415,120.988454
1613,Male,31.783845,1.75,120.0
1614,Male,31.627962,1.762389,118.54873300000001
1615,Male,22.976188,1.825718,121.236915
1616,Male,22.977357,1.8396990000000002,120.431551
1617,Male,40.973007,1.7494049999999999,109.90877900000001
1618,Male,41.0,1.75,115.806977
1619,Male,21.721507,1.849998,122.11968200000001
1620,Male,21.544554,1.84998,122.60991100000001
1621,Male,24.000307,1.607939,100.618239
1622,Male,24.0409,1.603226,99.605527
1623,Male,29.509151,1.770663,112.47111799999999
1624,Male,29.246269,1.7580380000000002,112.39530900000001
1625,Male,25.341399,1.7869970000000002,115.025361
1626,Male,25.314163,1.7718369999999999,114.906095
1627,Male,40.366238,1.7223959999999998,109.349025
1628,Male,33.749594,1.701387,107.025415
1629,Male,32.867331,1.6974209999999998,103.017623
1630,Male,30.403205,1.6963650000000001,102.815983
1631,Male,29.687488000000002,1.909198,129.679131
1632,Male,28.992809,1.9091049999999998,129.874864
1633,Male,30.475247999999997,1.801368,121.09425700000001
1634,Male,30.350516,1.8602919999999998,123.721352
1635,Male,26.684354,1.819535,118.33268899999999
1636,Male,26.607478000000004,1.7931740000000003,118.16508200000001
1637,Male,33.174147,1.75015,118.29958500000001
1638,Male,32.29016,1.7549560000000002,120.09881200000001
1639,Male,26.050109,1.7731150000000002,115.089316
1640,Male,25.846279,1.772731,115.828167
1641,Male,29.620095000000003,1.7879330000000002,112.536367
1642,Male,27.439056,1.785277,112.740797
1643,Male,28.493396999999998,1.8175720000000002,120.8158
1644,Male,27.474245,1.84342,120.420406
1645,Male,25.036269,1.8745189999999998,121.244969
1646,Male,24.825398,1.796332,120.901591
1647,Male,30.493946,1.7562209999999998,119.117122
1648,Male,30.607546000000003,1.757132,118.565568
1649,Male,31.194322999999997,1.8891040000000001,129.157346
1650,Male,31.36347,1.8693229999999998,127.507411
1651,Male,25.027254,1.757154,112.20081200000001
1652,Male,25.058566,1.764484,113.234349
1653,Male,24.417552,1.774775,117.398976
1654,Male,24.5822,1.7699330000000002,117.70870500000001
1655,Male,40.106145,1.760175,117.651046
1656,Male,40.174191,1.7630290000000002,116.97450400000001
1657,Male,27.186873,1.679515,102.87280200000001
1658,Male,30.424369,1.699354,100.176866
1659,Male,23.141402,1.849307,121.65872900000001
1660,Male,24.178638,1.8674099999999998,121.68431100000001
1661,Male,22.832105,1.8671400000000002,121.83588300000001
1662,Male,23.083621,1.848553,121.421121
1663,Male,24.079971,1.61981,98.54302
1664,Male,26.947785999999997,1.647807,99.592225
1665,Male,20.101026,1.6191280000000001,104.30371099999999
1666,Male,22.789402,1.6418700000000002,104.270062
1667,Male,28.404332,1.787379,112.173731
1668,Male,30.003358000000002,1.758355,112.007101
1669,Male,25.136116,1.76414,113.089716
1670,Male,25.139466,1.7671860000000001,112.226032
1671,Male,31.743821,1.67782,102.02205699999999
1672,Male,30.796262,1.668478,100.543983
1673,Male,28.393110999999998,1.6854619999999998,99.540122
1674,Male,27.93982,1.6946419999999998,99.709329
1675,Male,31.034091999999998,1.886109,129.349471
1676,Male,30.684347,1.915,129.966428
1677,Male,30.108216,1.841908,124.07071699999999
1678,Male,31.347496999999997,1.868127,123.172214
1679,Male,31.761799,1.7516880000000001,119.205308
1680,Male,30.976932,1.7553330000000003,118.23778200000001
1681,Male,37.588628,1.754217,117.8972
1682,Male,37.997912,1.7607099999999998,118.668332
1683,Male,21.6548,1.755938,116.31196200000001
1684,Male,22.829753,1.765137,116.66990600000001
1685,Male,25.015173,1.788239,115.38251899999999
1686,Male,23.812795,1.767121,116.164351
1687,Male,23.975685000000002,1.840039,120.975489
1688,Male,24.149036,1.8249009999999999,120.80571499999999
1689,Male,25.062942,1.8283909999999999,120.99826599999999
1690,Male,25.140074,1.8295290000000002,120.996581
1691,Male,30.722801,1.779325,120.75165600000001
1692,Male,30.916426,1.781139,120.79453500000001
1693,Male,31.010302000000003,1.764166,119.373019
1694,Male,30.605464,1.754796,118.80593700000001
1695,Male,24.622054000000002,1.756509,117.36871599999999
1696,Male,23.745832999999998,1.7567720000000002,117.326523
1697,Male,23.327835999999998,1.7544389999999999,119.441207
1698,Male,23.411141,1.7551419999999998,119.192922
1699,Male,39.825592,1.706741,108.012603
1700,Male,36.839760999999996,1.74285,106.42104199999999
1701,Male,33.789301,1.6811,102.523111
1702,Male,34.161998,1.705682,103.067766
1703,Male,22.580038000000002,1.849507,121.560938
1704,Male,22.851720999999998,1.853373,121.73783600000002
1705,Male,23.254934,1.84753,122.06261
1706,Male,22.343204,1.8703400000000001,121.45823200000001
1707,Male,24.006270999999998,1.607787,100.783434
1708,Male,24.001196,1.603091,100.209405
1709,Male,20.156664000000003,1.620109,103.393354
1710,Male,23.360307000000002,1.610647,100.642257
1711,Male,28.986237,1.758618,113.501549
1712,Male,29.713169,1.763259,113.215814
1713,Male,27.394122999999997,1.7641380000000002,112.323213
1714,Male,24.912254,1.75596,112.27756699999999
1715,Male,25.526746,1.783381,115.347176
1716,Male,25.523127,1.786532,114.534678
1717,Male,25.822348,1.7666259999999998,114.187096
1718,Male,25.879410999999998,1.765464,114.144378
1719,Male,30.361365000000003,1.75853,111.63546299999999
1720,Male,30.451173999999998,1.7585389999999999,111.95041299999998
1721,Male,40.564513,1.748015,109.75873600000001
1722,Male,40.501721999999994,1.7449740000000002,111.169678
1723,Male,30.315784000000004,1.701566,103.743534
1724,Male,33.293166,1.6964119999999998,103.250355
1725,Male,30.638944,1.680489,102.004554
1726,Male,29.791101,1.7033169999999997,102.592171
1727,Male,31.205668,1.877732,127.161381
1728,Male,30.899219,1.9096389999999999,129.013178
1729,Male,29.669219000000002,1.909188,129.19449
1730,Male,30.595632000000002,1.9106720000000001,129.232708
1731,Male,30.554956,1.779136,120.60094
1732,Male,31.571392,1.7674849999999998,120.158049
1733,Male,30.577944,1.783953,120.613561
1734,Male,30.717727000000004,1.7671400000000002,120.344402
1735,Male,26.734476,1.816197,119.62276399999999
1736,Male,26.699316999999997,1.839941,119.95665100000001
1737,Male,25.659092,1.8484200000000002,117.631707
1738,Male,26.348156,1.8303169999999997,117.75701000000001
1739,Male,37.638102,1.750085,118.11418400000001
1740,Male,37.765356,1.763582,117.86158999999999
1741,Male,28.255198999999998,1.8165470000000001,120.699119
1742,Male,27.931432,1.805445,119.484614
1743,Male,25.492855,1.7701240000000003,114.163921
1744,Male,25.550506,1.7727400000000002,114.254278
1745,Male,25.542454,1.7632150000000002,115.10813
1746,Male,25.758307000000002,1.766547,115.45845
1747,Male,29.981494,1.7731810000000001,112.348722
1748,Male,29.891472999999998,1.76003,112.40919099999999
1749,Male,26.778684000000002,1.780089,113.15463999999999
1750,Male,28.377958000000003,1.766946,113.23553799999999
1751,Male,26.199320999999998,1.8851189999999998,121.06505200000001
1752,Male,27.266287,1.8282759999999998,120.872294
1753,Male,27.635029,1.806227,120.42356699999999
1754,Male,26.899886,1.812919,119.84144599999999
1755,Male,22.758998000000002,1.8597169999999998,121.28453300000001
1756,Male,22.771001000000002,1.86516,121.527369
1757,Male,23.826684,1.783609,120.921535
1758,Male,24.186273,1.794827,120.919703
1759,Male,30.945369,1.7596470000000002,120.00939199999999
1760,Male,31.490699,1.773521,120.20971100000001
1761,Male,31.56724,1.753327,118.26568999999999
1762,Male,30.444081,1.761068,118.370628
1763,Male,31.199261,1.848845,125.077863
1764,Male,31.190219,1.842812,125.973927
1765,Male,30.575349,1.825449,124.95278
1766,Male,30.702559,1.86198,126.41841299999999
1767,Male,25.057878,1.763987,113.069667
1768,Male,25.151286,1.7615189999999998,112.835195
1769,Male,25.137087,1.772045,114.06793600000002
1770,Male,25.3292,1.7718169999999998,114.00483200000001
1771,Male,25.66668,1.7985799999999998,117.93328999999999
1772,Male,25.01277,1.788586,117.849351
1773,Male,25.047945000000002,1.803207,118.33296599999998
1774,Male,25.426457,1.8365919999999998,118.377601
1775,Male,37.207082,1.762921,118.40173999999999
1776,Male,38.108940000000004,1.752863,119.20146499999998
1777,Male,38.644441,1.7682349999999998,117.79226799999999
1778,Male,38.112989,1.766888,118.13489799999999
1779,Male,24.825393,1.603501,101.038263
1780,Male,26.624342,1.690262,103.180918
1781,Male,33.722449,1.712905,103.276087
1782,Male,32.516469,1.6957349999999998,102.784864
1783,Male,23.881938,1.829971,121.04172
1784,Male,23.319635,1.8462900000000002,121.24803500000002
1785,Male,23.912387,1.7749830000000002,119.081804
1786,Male,24.982997,1.78968,118.43616599999999
1787,Male,24.511445000000002,1.8526639999999999,121.31025700000001
1788,Male,24.05331,1.8725610000000001,121.47107700000001
1789,Male,22.906886,1.81955,120.77543899999999
1790,Male,23.147644,1.8155139999999999,120.33766399999999
1791,Male,24.001889000000002,1.614075,100.245302
1792,Male,24.002404000000002,1.609418,100.078367
1793,Male,30.715159999999997,1.650189,101.141277
1794,Male,30.642429999999997,1.653876,102.583895
1795,Male,20.068432,1.657132,105.580491
1796,Male,20.914366,1.6447509999999999,101.067988
1797,Male,25.512048,1.6607610000000002,104.321463
1798,Male,26.844812,1.6915099999999998,102.59518
1799,Female,25.919241,1.6114620000000002,102.093223
1800,Female,26.0,1.584782,105.05559699999999
1801,Female,18.233541,1.7923779999999998,137.85973700000002
1802,Female,18.147705,1.802257,149.935848
1803,Female,26.0,1.65632,111.93301000000001
1804,Female,26.0,1.600762,105.448264
1805,Female,25.902282999999997,1.6786580000000002,104.954834
1806,Female,25.540865,1.6782009999999998,109.900472
1807,Female,22.39251,1.65563,121.20517099999999
1808,Female,21.305401999999997,1.694952,133.76473000000001
1809,Female,26.0,1.622771,109.95971399999999
1810,Female,26.0,1.5838889999999999,110.545378
1811,Female,21.334585,1.7290450000000002,131.529267
1812,Female,22.978655,1.664622,114.465425
1813,Female,21.01245,1.747773,127.90284399999999
1814,Female,21.056059,1.730113,152.09436200000002
1815,Female,18.771001000000002,1.746652,133.800129
1816,Female,24.265943,1.7193650000000003,114.511537
1817,Female,26.0,1.632377,111.946655
1818,Female,26.0,1.6425720000000001,111.868169
1819,Female,25.967010000000002,1.654875,104.758713
1820,Female,26.0,1.627567,107.482662
1821,Female,20.590046,1.736276,130.92713799999999
1822,Female,24.497373,1.7370560000000002,132.52701100000002
1823,Female,25.991885999999997,1.580968,102.003378
1824,Female,25.908431,1.6071280000000001,103.02685799999999
1825,Female,18.177882,1.821566,142.102468
1826,Female,18.112503,1.8277299999999999,152.720545
1827,Female,26.0,1.656504,111.993054
1828,Female,26.0,1.637725,111.20896299999998
1829,Female,25.902282999999997,1.6697009999999999,104.58578299999999
1830,Female,25.540865,1.668709,104.754958
1831,Female,20.520992,1.6686419999999997,124.70478100000001
1832,Female,20.871153,1.6906139999999998,129.769141
1833,Female,26.0,1.6224180000000001,110.67634299999999
1834,Female,26.0,1.643332,110.824698
1835,Female,21.768834,1.7333830000000001,135.524857
1836,Female,20.891491000000002,1.748313,133.573787
1837,Female,20.941943,1.812963,138.730619
1838,Female,20.989016,1.8073400000000002,155.872093
1839,Female,18.367481,1.745644,133.66558700000002
1840,Female,21.051107000000002,1.753266,133.852432
1841,Female,26.0,1.632193,111.88661100000002
1842,Female,26.0,1.641098,111.818345
1843,Female,25.998646,1.640741,104.808542
1844,Female,26.0,1.618573,104.928643
1845,Female,22.846357,1.7574419999999997,133.365094
1846,Female,19.885655,1.763343,133.952675
1847,Female,25.930376000000003,1.6100860000000001,102.38745
1848,Female,25.897814999999998,1.664463,102.781971
1849,Female,26.0,1.602025,104.899348
1850,Female,25.968792,1.632896,104.988925
1851,Female,18.335019,1.771043,137.044959
1852,Female,21.700748,1.789555,137.767787
1853,Female,18.222535999999998,1.8017459999999998,141.16626499999998
1854,Female,20.3756,1.787195,151.975864
1855,Female,26.0,1.644141,111.942544
1856,Female,26.0,1.643355,111.600553
1857,Female,26.0,1.623707,105.03746299999999
1858,Female,26.0,1.610636,105.42353200000001
1859,Female,25.943827,1.629491,104.83906800000001
1860,Female,25.291974,1.684768,104.821175
1861,Female,25.653233,1.66494,110.92217
1862,Female,25.783865,1.655646,110.21734
1863,Female,19.17614,1.666194,124.80586799999999
1864,Female,21.207423000000002,1.7075080000000002,121.864326
1865,Female,21.633056,1.7541740000000001,133.783955
1866,Female,21.009596,1.714193,131.866734
1867,Female,26.0,1.62439,110.00863600000001
1868,Female,26.0,1.638836,110.970479
1869,Female,26.0,1.621245,111.267334
1870,Female,25.954511,1.623514,109.980145
1871,Female,21.001969,1.736215,132.145549
1872,Female,21.772251,1.732951,132.904884
1873,Female,23.76197,1.69135,114.480696
1874,Female,24.449655,1.635062,113.27738799999999
1875,Female,18.378203,1.746061,128.261402
1876,Female,19.725718,1.746529,129.36377099999999
1877,Female,21.344018,1.746516,144.30226100000002
1878,Female,21.322097,1.751118,149.291106
1879,Female,19.262934,1.7410139999999998,132.57927
1880,Female,21.566815,1.7485330000000001,133.94608
1881,Female,24.475242,1.6947259999999997,112.77661200000001
1882,Female,25.612462,1.6745150000000002,112.87966200000001
1883,Female,26.0,1.631332,111.82995700000001
1884,Female,26.0,1.641918,111.86899
1885,Female,26.0,1.640125,111.53949399999999
1886,Female,26.0,1.6491779999999998,111.91436100000001
1887,Female,25.96773,1.603404,105.031908
1888,Female,25.989938000000002,1.6441990000000002,105.036075
1889,Female,26.0,1.628909,106.875927
1890,Female,25.617227,1.628019,108.265922
1891,Female,21.030909,1.7181799999999998,133.466763
1892,Female,20.951083999999998,1.7085810000000001,131.274851
1893,Female,22.980221,1.7249830000000002,132.94066
1894,Female,23.426036,1.739991,133.485478
1895,Female,25.999185,1.568543,102.00012199999999
1896,Female,25.934757,1.579893,102.13464599999999
1897,Female,20.327723000000002,1.782714,154.618446
1898,Female,19.472189999999998,1.793824,160.935351
1899,Female,26.0,1.659557,111.999096
1900,Female,26.0,1.65782,111.95611000000001
1901,Female,25.816445,1.684082,104.592372
1902,Female,25.498965,1.68395,104.846817
1903,Female,19.137495,1.716521,127.642324
1904,Female,20.190732999999998,1.6807619999999999,125.418548
1905,Female,26.0,1.6233030000000002,110.81746000000001
1906,Female,26.0,1.631856,110.80433700000002
1907,Female,21.840654,1.747479,136.516648
1908,Female,20.871667000000002,1.7824529999999998,137.852618
1909,Female,21.501721,1.809871,152.394739
1910,Female,21.521294,1.803677,160.639405
1911,Female,18.314593,1.745602,133.554686
1912,Female,19.529746,1.751038,133.84303300000002
1913,Female,26.0,1.6315469999999999,111.588625
1914,Female,26.0,1.635905,111.571076
1915,Female,26.0,1.616975,104.84621800000001
1916,Female,26.0,1.62788,104.92057
1917,Female,21.768153,1.76416,133.888629
1918,Female,21.238416,1.7638470000000002,133.937873
1919,Female,25.930376000000003,1.608808,102.083964
1920,Female,25.919570999999998,1.610488,102.174953
1921,Female,25.918523999999998,1.6212309999999999,104.986792
1922,Female,25.565662,1.6423919999999999,104.988082
1923,Female,18.744914,1.8019830000000001,138.034526
1924,Female,21.704698999999998,1.787614,137.85825400000002
1925,Female,20.089969,1.801478,151.417292
1926,Female,18.120739,1.8075759999999998,152.567671
1927,Female,26.0,1.650125,111.93967099999999
1928,Female,26.0,1.6526740000000002,111.919155
1929,Female,25.986185,1.663632,105.12210900000001
1930,Female,25.982113000000002,1.627818,105.428628
1931,Female,25.748627,1.66877,104.77414399999999
1932,Female,25.959772,1.642098,104.96675800000001
1933,Female,25.653233,1.65757,109.931233
1934,Female,25.783865,1.643111,109.91001200000001
1935,Female,21.412434,1.675562,121.639178
1936,Female,22.77789,1.661415,120.74821299999999
1937,Female,21.140165,1.7131330000000002,133.735889
1938,Female,21.413498,1.7199,133.886031
1939,Female,26.0,1.622701,109.98269199999999
1940,Female,26.0,1.622468,110.400847
1941,Female,26.0,1.618867,110.777391
1942,Female,26.0,1.600905,110.074946
1943,Female,21.391371,1.730636,131.902591
1944,Female,21.051982000000002,1.7297189999999998,131.877558
1945,Female,23.455303,1.677672,114.470482
1946,Female,23.69484,1.637524,113.90506
1947,Female,20.601222,1.7387169999999998,128.11416100000002
1948,Female,20.81158,1.741193,128.76384299999998
1949,Female,19.993565,1.7928330000000001,152.43563
1950,Female,20.074448999999998,1.810427,152.217135
1951,Female,18.904037,1.7435889999999998,133.28133300000002
1952,Female,19.783234,1.7479619999999998,133.93653500000002
1953,Female,24.291204999999998,1.7114599999999998,113.372851
1954,Female,25.311533999999998,1.685482,113.451224
1955,Female,26.0,1.6392509999999998,111.927001
1956,Female,26.0,1.654784,111.933152
1957,Female,26.0,1.641209,111.85649199999999
1958,Female,26.0,1.6431669999999998,111.89422900000001
1959,Female,25.966504,1.63073,104.790549
1960,Female,25.950898000000002,1.6498669999999998,104.791035
1961,Female,26.0,1.613574,107.01225600000001
1962,Female,26.0,1.627532,106.69053000000001
1963,Female,20.848608,1.726606,131.76807
1964,Female,20.801791,1.7214759999999998,131.042274
1965,Female,23.712641,1.7429009999999998,132.8071
1966,Female,24.063874,1.737313,133.166595
1967,Female,25.95774,1.62414,102.23344499999999
1968,Female,25.909353,1.644078,102.277765
1969,Female,25.954995,1.592529,102.874549
1970,Female,25.908829,1.607734,102.305767
1971,Female,19.297004,1.8172709999999999,141.917802
1972,Female,18.301773,1.8087650000000002,140.29201799999998
1973,Female,19.872667,1.817231,152.371911
1974,Female,18.13782,1.8197279999999998,151.278532
1975,Female,26.0,1.656465,111.949972
1976,Female,26.0,1.6481430000000001,111.95011299999999
1977,Female,26.0,1.622703,111.21619199999999
1978,Female,26.0,1.6406060000000002,111.03688100000001
1979,Female,25.42724,1.683502,104.75964300000001
1980,Female,25.795187,1.669039,104.593929
1981,Female,25.493585999999997,1.6736650000000002,104.704707
1982,Female,25.524335999999998,1.6689310000000002,104.76831800000001
1983,Female,20.908785,1.700996,126.49023600000001
1984,Female,20.781751,1.7340919999999997,125.11763300000001
1985,Female,21.289104000000002,1.708291,130.986338
1986,Female,21.210732,1.7164970000000002,130.871127
1987,Female,26.0,1.62495,111.00492
1988,Female,26.0,1.594776,110.640929
1989,Female,26.0,1.626503,110.818757
1990,Female,26.0,1.624576,110.80311699999999
1991,Female,21.656907,1.7290990000000002,134.842656
1992,Female,21.760734,1.7358099999999999,135.346677
1993,Female,21.028989000000003,1.7485240000000002,133.878843
1994,Female,21.282238,1.748951,133.662583
1995,Female,20.388049,1.777971,137.785027
1996,Female,21.022206,1.73995,135.69338100000002
1997,Female,20.102241,1.816868,153.959945
1998,Female,21.291969,1.8002,155.242672
1999,Female,20.530998,1.74647,133.644711
2000,Female,18.976968,1.759091,133.903612
2001,Female,20.924955999999998,1.752531,133.618706
2002,Female,21.282529999999998,1.761773,133.903469
2003,Female,26.0,1.6331950000000002,111.883747
2004,Female,26.0,1.633945,111.9307
2005,Female,26.0,1.6416009999999999,111.830924
2006,Female,26.0,1.641132,111.841706
2007,Female,25.999174,1.638218,104.810024
2008,Female,25.999942,1.627483,104.88199399999999
2009,Female,26.0,1.610225,104.93638100000001
2010,Female,26.0,1.6173899999999999,105.013901
2011,Female,23.365041,1.744319,133.45248999999998
2012,Female,23.421726,1.7554669999999999,133.478611
2013,Female,18.826782,1.746416,133.747012
2014,Female,18.940929999999998,1.7464110000000002,133.676663
2015,Female,25.921678,1.611452,102.36314899999999
2016,Female,25.940153,1.5968129999999998,102.320437
2017,Female,25.999636,1.610126,102.686908
2018,Female,25.907833,1.623113,102.55569100000001
2019,Female,25.991194,1.618348,104.94582
2020,Female,25.993154,1.609401,104.854928
2021,Female,25.988668,1.6216709999999999,105.31396699999999
2022,Female,25.976209,1.614484,104.999403
2023,Female,18.743586999999998,1.789143,138.202869
2024,Female,20.323767,1.7742069999999999,138.14316200000002
2025,Female,21.394047,1.792933,137.832414
2026,Female,21.838323000000003,1.758959,137.79299
2027,Female,18.20634,1.807406,141.799429
2028,Female,18.532826,1.7509099999999997,142.545183
2029,Female,20.438478,1.8058029999999998,153.14949099999998
2030,Female,20.796266,1.7965380000000002,152.473675
2031,Female,26.0,1.634894,111.946321
2032,Female,26.0,1.6395240000000002,111.94558799999999
2033,Female,26.0,1.6430169999999997,111.720238
2034,Female,26.0,1.6418490000000001,111.682693
2035,Female,26.0,1.621167,104.947703
2036,Female,25.992898,1.638075,105.03652199999999
2037,Female,26.0,1.60937,105.40731299999999
2038,Female,26.0,1.608283,105.35968799999999
2039,Female,25.951736999999998,1.629442,104.835346
2040,Female,25.982260999999998,1.629225,104.838425
2041,Female,25.470651999999998,1.680218,104.807284
2042,Female,25.289428,1.6860330000000001,104.772164
2043,Female,25.696073000000002,1.6629779999999998,110.93050900000001
2044,Female,25.561868,1.675185,110.621723
2045,Female,25.834018,1.62456,110.10588999999999
2046,Female,25.895546,1.626179,110.07401899999999
2047,Female,19.035557,1.682594,127.427458
2048,Female,18.634286,1.669354,126.088301
2049,Female,20.700876,1.68838,121.889803
2050,Female,20.741442000000003,1.694439,122.813033
2051,Female,21.695892,1.7554759999999998,133.870501
2052,Female,21.635977,1.7481060000000002,133.25903300000002
2053,Female,21.232658999999998,1.719913,131.56748100000002
2054,Female,21.008297,1.723587,131.92971200000002
2055,Female,25.962949,1.623812,109.996742
2056,Female,26.0,1.624099,109.978402
2057,Female,26.0,1.632983,111.15781100000001
2058,Female,26.0,1.6407450000000001,110.919646
2059,Female,26.0,1.6297270000000001,111.275646
2060,Female,26.0,1.624134,111.531208
2061,Female,25.964788000000002,1.6239379999999999,109.98426299999998
2062,Female,25.994949,1.593321,110.16816599999999
2063,Female,20.952737,1.7303330000000001,132.116491
2064,Female,20.978166,1.721057,132.054793
2065,Female,21.67447,1.7197799999999999,132.262558
2066,Female,21.568951000000002,1.6993150000000001,133.10761000000002
2067,Female,23.647935,1.6813939999999998,114.479459
2068,Female,24.196367000000002,1.6974209999999998,114.482386
2069,Female,24.284833,1.650726,113.774198
2070,Female,24.693108,1.6673830000000003,112.982549
2071,Female,18.862264,1.746277,128.70576100000002
2072,Female,18.423482,1.7354610000000001,126.79817299999999
2073,Female,20.394082,1.747714,128.148108
2074,Female,20.217015,1.7158200000000001,129.46654099999998
2075,Female,21.330178,1.747987,147.296186
2076,Female,19.528935999999998,1.8179169999999998,142.55916100000002
2077,Female,19.364339,1.80835,150.51648
2078,Female,21.131526,1.739457,150.37757
2079,Female,19.012872,1.742062,133.779919
2080,Female,18.469085999999997,1.741925,133.01710500000002
2081,Female,21.572114000000003,1.751067,133.84506399999998
2082,Female,21.680123000000002,1.749118,133.95509099999998
2083,Female,24.469756,1.663341,113.07718700000001
2084,Female,25.12791,1.668537,112.555456
2085,Female,25.986368,1.6689509999999999,112.24969899999999
2086,Female,25.951979,1.6617119999999999,112.09861599999999
2087,Female,26.0,1.633442,111.821817
2088,Female,26.0,1.6330200000000001,111.86318600000001
2089,Female,26.0,1.633887,111.87813200000001
2090,Female,26.0,1.643421,111.93998300000001
2091,Female,26.0,1.6405349999999999,111.555967
2092,Female,26.0,1.626483,111.35706200000001
2093,Female,26.0,1.64599,111.922491
2094,Female,26.0,1.643892,111.88453500000001
2095,Female,25.97731,1.617817,104.950776
2096,Female,25.955014000000002,1.626449,104.879602
2097,Female,25.996716,1.62658,105.037203
2098,Female,25.992348,1.606474,104.954291
2099,Female,25.974446,1.628855,108.090006
2100,Female,25.777565,1.628205,107.378702
2101,Female,25.722004000000002,1.62847,107.218949
2102,Female,25.765628,1.627839,108.10736000000001
2103,Female,21.016849,1.7242680000000001,133.033523
2104,Female,21.682367000000003,1.7323830000000002,133.043941
2105,Female,21.285965,1.72692,131.335786
2106,Female,20.976842,1.7107299999999999,131.408528
2107,Female,21.982942,1.748584,133.742943
2108,Female,22.524036,1.7522060000000002,133.689352
2109,Female,24.361936,1.73945,133.346641
2110,Female,23.664709,1.738836,133.47264099999998
